Temperature,Humidity,Nitrogen,Phosporous,Potassium,Moisture,PH Level,Sunlight,Crop
24.4,75.5,47.5,21.3,23.6,44.2,6.35,7.5,Maize
38.8,31.5,17.9,55.7,17.8,22.8,5.81,10.5,Maize
33.3,31.3,55.1,24.8,110.0,54.3,6.69,8.1,Maize
30.0,49.4,44.2,32.3,30.9,42.6,5.76,7.8,Maize
18.9,59.3,84.5,27.5,100.3,22.1,7.65,7.2,Wheat
18.9,76.2,76.6,24.6,69.9,58.3,5.92,5.5,Sugarcane
16.5,71.0,50.1,76.1,18.6,38.3,6.08,4.0,Barley
36.7,56.8,34.0,32.9,115.1,18.3,6.44,5.7,Cotton
30.0,46.4,118.7,84.2,37.2,43.2,6.38,7.6,Maize
32.7,89.8,59.9,87.6,104.6,26.4,7.33,6.7,Barley
15.5,55.6,85.7,55.7,28.6,51.2,6.55,7.1,Wheat
39.2,57.1,25.5,21.4,103.9,51.8,5.89,10.9,Maize
35.8,39.8,63.4,40.0,11.5,59.1,6.11,6.5,Cotton
20.3,77.7,13.0,73.8,66.3,37.6,6.67,7.2,Maize
19.5,71.6,65.6,39.4,94.6,35.5,5.84,4.9,Barley
19.6,43.2,116.0,17.0,112.8,48.9,6.91,4.3,Wheat
22.6,34.9,52.3,54.5,110.0,21.0,6.8,9.4,Wheat
28.1,70.8,14.3,77.6,100.2,39.6,7.14,8.0,Maize
25.8,69.3,13.4,73.7,107.7,39.6,7.66,9.3,Maize
22.3,46.4,52.7,24.0,31.9,19.0,7.6,5.0,Wheat
30.3,87.1,27.6,63.8,41.3,33.8,7.68,8.0,Maize
18.5,39.1,12.6,27.6,41.8,53.4,6.06,5.8,Wheat
22.3,55.9,93.2,27.5,51.5,53.5,5.8,5.6,Wheat
24.2,86.6,60.4,79.9,53.3,19.5,6.2,4.1,Barley
26.4,55.2,41.8,30.0,69.9,19.1,7.56,4.9,Barley
34.6,68.3,109.0,31.1,27.6,26.8,7.74,6.2,Cotton
20.0,53.9,22.8,10.1,86.0,54.4,7.48,4.8,Wheat
27.9,46.5,115.2,79.7,28.4,20.8,5.75,10.9,Maize
29.8,89.0,44.5,73.4,44.1,47.4,7.68,6.2,Rice
16.2,54.6,107.7,60.2,65.4,19.6,6.47,4.9,Wheat
30.2,83.6,76.3,70.0,97.6,43.0,5.52,5.4,Rice
19.3,43.8,100.9,22.2,91.3,31.0,6.52,8.1,Wheat
16.6,42.8,118.2,46.7,81.0,50.5,5.61,4.4,Wheat
38.7,31.9,41.7,38.1,27.1,25.5,6.75,10.0,Maize
39.1,69.1,115.7,17.5,70.2,43.8,6.28,10.7,Maize
35.2,52.1,52.8,48.9,19.6,25.6,6.59,5.7,Cotton
22.6,81.9,52.4,83.7,51.5,47.1,6.91,7.2,Maize
17.4,58.4,47.4,13.2,55.5,54.3,7.5,4.2,Wheat
32.1,88.1,69.6,33.3,14.4,20.7,7.02,8.5,Maize
26.0,41.1,27.0,26.6,40.1,54.0,6.5,6.9,Sugarcane
18.1,82.1,70.9,29.1,115.1,41.7,7.38,5.9,Barley
27.4,76.6,69.6,82.7,114.9,20.7,7.58,5.4,Barley
15.9,76.3,93.8,47.4,48.8,34.2,5.78,8.6,Barley
37.7,80.7,101.7,47.3,14.7,22.2,6.72,6.9,Barley
21.5,75.7,58.4,70.8,29.7,46.5,6.15,5.3,Sugarcane
31.6,67.6,43.3,22.4,53.1,49.1,5.61,8.8,Maize
22.8,37.9,38.5,49.0,114.3,19.8,7.04,8.0,Wheat
28.0,32.0,31.4,44.4,25.5,37.8,7.48,10.0,Maize
28.7,85.3,16.3,57.8,94.0,51.7,5.87,4.8,Rice
19.6,67.0,47.7,90.0,22.0,57.1,7.37,9.5,Sugarcane
39.2,77.8,39.7,71.6,117.9,38.1,7.46,8.7,Maize
34.4,58.9,116.3,41.8,52.0,57.8,7.6,4.8,Cotton
38.5,37.0,71.3,76.2,95.3,39.1,6.11,8.9,Maize
37.4,37.5,48.2,23.7,47.7,32.7,7.58,7.1,Maize
29.9,71.1,73.9,12.4,79.0,53.2,6.24,10.6,Rice
38.0,55.8,25.3,26.4,31.1,37.2,6.77,5.0,Cotton
17.2,42.0,58.8,37.2,26.1,36.2,5.62,8.5,Wheat
19.9,59.5,78.9,50.8,113.2,37.1,5.6,6.7,Wheat
16.1,33.9,63.8,59.2,110.9,53.1,7.16,10.7,Wheat
23.1,64.9,54.2,82.8,107.6,52.4,6.52,6.3,Wheat
24.7,46.1,119.3,50.8,78.8,33.2,6.09,10.7,Wheat
21.8,77.9,106.8,50.1,98.9,30.0,5.94,10.3,Maize
35.7,48.6,78.6,14.0,17.6,37.1,7.04,5.9,Cotton
23.9,57.3,72.6,12.8,46.8,40.8,5.5,9.6,Wheat
22.0,30.7,78.3,54.1,44.5,25.7,7.35,11.0,Wheat
28.6,34.3,32.1,45.1,79.9,50.7,5.68,5.8,Sugarcane
18.5,53.5,53.5,77.1,49.2,36.9,5.94,7.1,Wheat
35.1,58.8,14.3,22.9,26.3,30.0,6.39,7.6,Maize
16.9,66.0,62.3,12.0,75.6,19.8,6.62,6.1,Barley
39.7,47.5,69.7,45.9,99.6,25.7,6.32,4.1,Cotton
34.3,71.7,35.1,29.0,52.0,57.7,6.24,5.5,Rice
20.0,81.6,116.0,14.0,24.5,28.7,7.72,6.0,Barley
15.1,76.8,110.0,68.0,31.6,22.6,6.98,7.1,Barley
35.4,32.4,89.4,18.9,36.1,35.7,5.55,5.2,Cotton
32.7,58.8,68.7,58.7,43.0,28.8,6.49,10.1,Maize
33.2,36.3,105.7,32.5,80.7,16.6,7.51,8.9,Maize
34.3,44.5,24.4,23.9,76.1,29.5,6.19,4.6,Cotton
16.9,89.2,97.0,40.4,86.6,39.5,5.72,8.6,Barley
24.0,38.5,23.7,74.1,49.9,39.8,7.24,8.6,Wheat
17.9,59.9,97.4,41.4,100.6,31.0,6.89,10.7,Wheat
36.6,67.1,40.3,70.1,32.4,35.1,6.81,4.0,Cotton
30.6,72.1,106.5,20.0,61.6,58.4,5.62,5.7,Rice
23.3,63.6,113.8,71.8,98.1,32.0,5.82,10.5,Wheat
16.6,30.6,26.4,29.0,29.8,26.6,6.93,10.5,Wheat
22.8,49.6,60.9,64.2,22.1,26.0,5.98,9.0,Wheat
23.1,61.1,117.9,55.3,107.2,35.6,6.66,9.4,Wheat
33.2,35.3,63.2,84.3,47.7,49.2,6.75,4.6,Cotton
30.9,51.0,105.0,41.0,85.2,24.3,6.15,7.6,Maize
37.2,32.0,74.8,15.3,12.8,46.9,7.68,5.6,Cotton
26.8,34.7,51.3,11.5,85.9,16.0,7.44,5.3,Barley
18.0,53.8,41.4,76.1,44.8,33.9,7.16,9.7,Wheat
32.8,38.0,32.4,52.0,16.1,49.9,5.68,4.9,Cotton
34.0,64.1,93.8,72.0,77.1,30.2,5.74,7.3,Maize
29.0,71.4,52.5,28.8,36.5,40.4,6.63,10.6,Rice
34.3,78.0,66.2,37.6,52.5,24.2,5.87,5.3,Barley
27.3,42.0,64.2,12.4,18.9,48.4,7.75,10.8,Maize
28.1,40.0,73.5,86.9,26.2,17.4,5.86,11.0,Maize
25.7,36.3,105.2,63.4,42.8,53.4,6.62,7.9,Maize
15.6,68.2,117.9,84.7,19.9,23.9,6.34,5.2,Barley
17.7,72.4,54.8,31.2,110.2,54.3,6.97,6.2,Sugarcane
15.8,31.9,101.0,58.9,10.7,30.9,5.8,7.0,Wheat
30.9,86.2,94.1,64.3,63.2,47.5,6.49,6.2,Rice
22.9,33.1,73.1,35.4,23.6,29.4,6.13,6.0,Wheat
27.7,62.5,115.2,77.8,43.8,55.8,7.54,10.8,Maize
37.7,72.5,32.1,85.8,111.9,20.7,5.59,5.1,Barley
21.2,82.3,22.0,80.8,27.8,23.0,7.6,9.1,Maize
25.3,72.8,103.9,69.1,116.2,37.2,7.42,4.0,Barley
33.9,78.1,58.3,32.2,32.6,18.7,6.18,8.2,Maize
20.7,50.4,103.2,32.5,91.6,23.8,7.32,10.4,Wheat
16.9,78.9,108.2,87.1,70.1,57.5,5.57,6.0,Sugarcane
22.2,34.8,16.9,10.8,107.3,58.9,7.72,5.3,Wheat
19.0,83.7,107.2,67.3,70.9,31.9,6.71,8.6,Barley
38.2,62.9,59.3,66.5,68.8,56.5,6.2,9.0,Maize
35.2,79.0,66.1,59.8,31.5,39.5,6.33,8.8,Maize
30.8,57.1,78.9,89.2,28.3,27.1,5.65,6.2,Cotton
36.8,68.6,111.9,35.0,110.8,46.6,7.78,5.8,Cotton
35.1,61.6,12.1,37.2,46.1,44.7,5.59,10.7,Maize
19.7,73.9,62.5,16.3,50.9,59.5,7.01,10.5,Sugarcane
37.3,34.9,85.6,45.4,93.6,26.9,6.52,7.2,Maize
28.5,33.6,89.5,30.9,47.3,45.2,7.68,9.9,Maize
35.2,44.8,86.2,37.5,114.7,17.3,6.07,7.2,Maize
37.4,39.6,24.8,76.8,91.2,20.1,6.72,7.0,Cotton
23.0,82.3,42.9,84.8,75.7,15.2,6.61,5.1,Barley
17.8,43.2,49.5,24.9,106.9,60.0,7.12,7.0,Wheat
20.7,88.6,98.5,39.8,15.5,51.1,5.66,7.8,Maize
25.7,50.2,40.7,84.3,38.3,50.4,5.95,4.2,Sugarcane
35.5,40.9,33.2,14.9,61.2,37.9,5.99,7.1,Maize
36.5,77.4,115.3,17.4,35.0,28.5,7.2,9.5,Maize
15.2,69.5,11.0,23.0,91.8,21.8,5.94,8.8,Barley
27.8,59.9,119.8,57.6,111.1,27.8,6.82,8.4,Maize
25.4,63.3,84.5,22.0,56.6,31.9,6.0,10.4,Maize
20.6,73.2,101.1,87.4,47.6,49.0,7.48,4.1,Sugarcane
18.0,43.7,42.4,45.7,115.8,39.3,7.67,7.9,Wheat
23.4,89.8,11.6,50.1,58.9,18.5,6.69,9.5,Maize
38.6,88.5,91.2,29.7,63.8,15.8,6.31,7.8,Maize
23.1,69.0,101.8,47.7,48.7,19.6,6.04,6.3,Barley
28.0,42.0,91.5,63.0,110.1,33.5,5.61,5.0,Barley
32.6,70.8,25.7,70.1,72.6,57.0,6.12,10.2,Rice
24.1,34.3,92.9,70.3,93.8,43.7,7.0,7.3,Wheat
39.3,31.8,94.6,56.2,99.3,51.1,6.73,10.1,Maize
39.1,45.5,82.4,82.3,47.6,36.0,7.67,8.1,Maize
21.3,57.8,94.3,75.4,57.7,31.3,6.41,8.7,Wheat
27.4,82.1,103.1,70.6,103.3,19.9,7.1,9.6,Maize
22.5,73.6,77.5,14.4,50.0,54.4,6.63,8.6,Maize
22.1,74.6,19.7,10.6,97.3,50.2,6.68,6.8,Sugarcane
15.9,55.5,63.6,27.0,113.5,22.6,6.12,7.6,Wheat
30.2,50.8,18.5,63.1,78.6,38.1,6.55,9.6,Maize
27.6,52.3,54.8,42.9,91.6,36.9,6.58,6.6,Barley
16.3,89.3,54.8,42.2,98.6,43.1,7.13,6.7,Barley
22.0,32.4,17.3,80.8,103.0,57.6,7.66,4.7,Wheat
37.7,82.0,48.4,81.6,53.5,41.1,6.26,10.4,Rice
21.0,64.7,22.2,82.7,15.6,39.3,5.6,4.6,Wheat
18.6,56.3,98.9,35.1,54.2,17.3,6.64,8.5,Wheat
27.2,73.5,114.2,65.3,84.1,17.8,6.75,6.9,Barley
39.6,59.2,18.0,31.7,59.5,23.4,5.89,6.8,Cotton
21.1,82.4,115.1,25.2,92.4,16.5,7.25,8.8,Maize
31.8,84.0,67.5,24.8,49.3,48.5,7.77,4.5,Rice
34.0,55.3,43.0,37.4,79.8,47.5,7.68,8.2,Maize
20.9,46.6,18.5,44.4,30.5,21.1,5.95,9.4,Wheat
33.2,65.5,65.1,76.5,92.4,52.6,7.51,9.8,Maize
24.2,84.7,97.4,19.6,70.0,22.0,7.12,5.2,Barley
30.8,42.6,87.8,68.8,32.4,28.6,6.54,10.3,Maize
30.8,67.4,15.5,52.5,42.1,26.2,6.74,8.6,Maize
28.4,67.9,18.0,33.0,92.3,31.8,7.45,10.2,Maize
17.3,74.0,54.3,49.4,63.1,26.5,6.6,7.4,Barley
35.9,37.9,42.5,34.0,33.8,37.0,6.36,7.8,Maize
23.0,72.9,35.6,57.7,116.4,33.3,6.63,10.4,Maize
19.7,84.5,40.9,44.7,88.7,59.4,6.83,10.3,Sugarcane
16.0,40.8,98.4,23.2,115.3,17.5,5.93,7.1,Wheat
29.8,44.3,112.2,19.3,57.0,21.4,7.57,5.9,Barley
31.9,88.3,54.6,53.7,62.3,17.4,7.05,6.8,Barley
15.4,40.9,109.7,82.2,108.8,43.2,6.96,6.7,Wheat
27.8,81.3,45.4,37.5,67.8,17.5,5.73,6.0,Barley
20.7,59.5,62.4,68.6,87.8,52.6,6.89,5.9,Wheat
31.1,44.8,34.9,62.7,37.7,38.0,5.78,10.0,Maize
19.4,82.2,80.5,84.5,59.1,38.7,5.68,4.5,Barley
32.3,56.7,117.7,75.7,23.6,40.3,6.71,8.7,Maize
24.7,60.9,76.4,55.3,32.7,22.7,6.43,5.2,Wheat
38.4,51.6,49.4,62.6,10.1,23.9,6.85,6.4,Cotton
18.4,65.6,81.3,81.9,14.3,29.3,5.71,4.4,Barley
23.5,39.8,23.5,42.0,117.5,41.7,6.49,5.9,Wheat
17.8,53.5,107.8,36.1,36.7,24.5,5.9,9.4,Wheat
38.1,88.2,65.3,10.9,83.0,20.2,7.77,10.2,Maize
36.9,45.5,59.4,76.1,102.3,58.7,6.79,5.6,Cotton
21.4,69.4,74.4,74.1,70.6,16.0,7.08,7.2,Maize
31.5,49.5,78.7,18.4,26.8,51.1,6.25,7.3,Maize
35.4,76.4,17.9,56.1,90.1,50.5,5.72,10.1,Rice
28.9,37.9,85.1,47.1,76.0,28.4,7.74,9.3,Maize
28.2,88.2,36.6,19.5,90.4,21.1,6.16,7.6,Maize
21.0,57.2,88.5,88.4,94.7,21.6,6.47,8.7,Wheat
17.3,44.2,100.5,27.2,117.3,46.4,6.99,9.9,Wheat
37.4,34.4,98.4,15.4,73.1,43.9,5.56,4.1,Cotton
37.5,40.2,70.8,57.6,47.6,50.2,7.36,6.8,Cotton
30.8,61.2,67.2,69.1,81.3,57.2,6.73,10.4,Maize
23.5,50.2,25.7,12.6,17.5,46.1,6.14,9.2,Wheat
23.7,79.7,95.3,62.7,108.7,22.0,5.64,7.8,Maize
33.1,55.9,39.9,52.6,23.1,26.0,5.87,7.7,Maize
37.4,44.9,64.6,18.3,46.1,52.9,7.56,6.4,Cotton
37.2,67.0,41.3,23.8,99.7,24.4,7.08,7.6,Maize
34.5,72.4,24.7,55.4,75.7,18.3,6.07,8.6,Maize
31.1,40.0,79.3,33.7,53.3,46.6,5.65,6.9,Cotton
17.1,40.1,16.0,85.1,62.1,33.1,7.09,9.0,Wheat
19.0,32.2,92.4,75.5,104.0,56.4,6.82,10.0,Wheat
37.5,74.2,44.9,88.7,47.4,44.3,6.43,5.1,Rice
30.2,69.8,10.0,30.8,105.7,19.1,6.34,7.2,Maize
15.2,58.5,66.2,87.6,19.7,57.7,6.0,6.9,Wheat
17.5,80.7,15.2,44.5,95.4,26.6,7.04,8.8,Barley
31.6,78.3,40.4,37.8,103.2,30.2,7.73,5.7,Barley
15.1,65.1,87.8,14.0,30.0,33.1,5.9,8.5,Barley
19.0,82.1,16.9,14.2,57.3,17.3,6.87,10.1,Barley
28.7,42.4,102.3,65.4,28.2,37.3,6.48,6.9,Barley
32.3,36.7,10.4,46.6,87.7,20.5,6.53,10.4,Maize
31.3,46.2,37.2,28.1,68.9,33.0,6.08,11.0,Maize
20.6,33.4,91.5,59.1,79.9,30.8,7.4,4.7,Wheat
32.8,61.9,44.8,30.2,31.6,49.8,6.62,5.6,Cotton
20.9,86.2,21.2,56.2,33.3,51.1,6.75,10.7,Maize
23.1,32.4,49.6,38.7,14.6,21.9,6.2,10.7,Wheat
33.7,37.3,39.7,75.9,45.4,31.5,5.92,4.7,Cotton
31.2,57.1,102.7,75.7,71.6,31.8,5.7,4.1,Cotton
36.2,86.0,44.5,48.2,104.4,21.8,7.14,5.1,Barley
31.4,49.0,96.8,38.1,83.4,50.9,5.95,11.0,Maize
29.2,60.4,108.1,39.0,57.9,46.8,7.09,5.3,Sugarcane
17.3,32.5,57.7,74.5,114.8,23.6,6.4,7.5,Wheat
24.2,38.9,110.1,36.3,89.1,31.5,6.46,9.9,Wheat
21.6,89.2,51.5,26.7,112.3,19.8,6.58,4.1,Barley
21.1,87.9,116.0,16.8,68.0,43.3,6.35,8.2,Maize
39.3,30.3,19.8,47.3,38.5,20.5,5.73,5.9,Cotton
24.8,87.1,85.6,48.6,15.8,59.4,6.21,10.0,Maize
37.3,68.3,64.3,77.3,89.9,50.1,7.03,6.0,Cotton
30.8,82.1,52.6,27.7,23.3,32.6,7.03,8.8,Maize
34.9,57.3,79.6,40.5,43.3,41.0,6.16,8.7,Maize
27.6,60.9,87.4,74.7,68.6,56.0,6.56,5.6,Sugarcane
29.4,59.3,10.5,75.9,72.1,39.9,5.94,4.2,Barley
27.3,70.0,28.4,40.8,76.1,22.9,5.98,6.9,Barley
19.9,38.4,88.4,46.7,28.3,32.0,5.55,6.0,Wheat
33.1,31.8,83.3,34.3,51.8,52.9,7.56,9.7,Maize
22.0,48.5,116.3,84.6,77.9,44.0,5.98,9.6,Wheat
15.6,72.3,93.7,19.5,116.7,44.3,6.02,7.2,Barley
31.1,42.1,114.6,84.7,90.0,54.0,6.14,8.2,Maize
19.4,70.4,87.3,64.7,111.5,55.2,5.79,8.2,Sugarcane
38.5,88.2,42.8,52.5,93.8,56.4,6.97,9.8,Rice
38.8,35.6,21.6,12.6,75.1,19.3,5.67,7.0,Cotton
37.9,70.4,96.0,48.0,31.1,39.5,5.81,5.9,Barley
24.3,56.6,80.9,42.6,83.3,48.3,6.98,5.9,Wheat
15.4,82.1,15.3,22.9,78.6,49.1,6.28,7.8,Sugarcane
38.2,40.6,49.6,62.5,76.3,42.3,7.13,7.1,Maize
25.7,71.6,115.2,87.7,63.9,22.5,6.78,7.1,Maize
39.2,80.3,65.0,55.0,68.2,50.9,6.09,4.6,Rice
39.1,86.7,57.6,67.2,46.8,47.4,7.0,9.0,Rice
36.3,71.0,60.3,15.5,67.1,18.9,5.77,5.5,Barley
22.4,59.8,33.0,43.4,31.7,35.9,6.73,5.4,Wheat
24.6,67.1,50.6,19.3,98.6,22.8,6.51,6.9,Barley
36.3,82.1,50.7,59.0,30.4,30.2,6.12,5.6,Barley
22.9,64.2,15.8,85.1,19.3,15.8,6.89,8.1,Wheat
19.2,31.8,94.4,62.9,58.0,33.0,7.5,6.6,Wheat
28.9,85.9,55.8,16.1,82.4,39.7,7.8,7.1,Maize
38.4,71.4,100.4,38.4,58.1,42.9,6.9,7.8,Rice
32.4,70.6,103.5,54.1,40.4,44.9,6.43,5.4,Rice
29.3,42.9,33.3,42.3,71.4,52.6,6.02,5.1,Sugarcane
17.4,69.5,82.3,76.7,48.2,24.7,6.09,10.2,Barley
30.4,53.6,62.0,75.2,112.6,20.4,6.6,7.0,Cotton
39.8,69.1,106.8,58.9,111.5,53.3,6.34,6.9,Cotton
18.5,36.4,33.7,39.9,65.3,22.0,7.6,4.2,Wheat
28.0,69.5,84.6,30.4,46.1,58.9,6.35,7.5,Maize
36.9,90.0,76.9,18.5,91.1,52.9,6.36,7.9,Rice
33.5,32.9,42.5,38.4,14.0,37.5,6.38,7.9,Maize
32.4,88.6,25.0,43.1,62.2,59.2,7.42,8.9,Rice
32.6,54.4,81.7,64.1,47.0,19.4,7.0,5.2,Cotton
24.0,82.2,91.2,62.7,111.3,28.6,6.91,5.8,Barley
22.3,76.9,44.7,15.6,11.3,43.7,6.27,9.7,Maize
35.2,64.0,80.9,41.6,70.8,30.8,7.38,10.6,Maize
35.3,74.3,53.5,24.5,91.5,56.8,5.59,5.0,Rice
36.7,82.7,88.5,22.5,63.4,18.0,7.5,7.5,Maize
37.8,54.2,31.9,76.2,19.4,39.7,6.68,5.5,Cotton
27.8,49.6,107.9,13.4,117.0,41.6,6.42,4.4,Barley
27.5,70.1,41.6,43.5,67.0,44.4,6.64,6.3,Rice
35.0,78.5,50.5,23.5,77.6,26.5,7.04,5.0,Barley
31.2,75.7,16.4,80.3,36.0,31.4,5.53,9.0,Maize
32.5,77.9,22.3,54.6,63.2,53.0,7.5,7.7,Rice
34.9,56.1,66.7,28.5,57.2,23.8,6.53,5.0,Cotton
37.3,79.1,39.4,50.2,18.2,52.2,6.29,4.1,Rice
23.4,37.2,101.9,68.5,21.7,40.3,5.82,9.7,Wheat
24.4,62.7,11.6,86.6,102.1,49.3,6.51,5.2,Wheat
17.3,30.3,51.7,27.6,36.4,47.1,6.64,8.2,Wheat
29.5,49.5,47.1,80.9,31.4,24.3,6.43,6.4,Barley
15.9,52.0,12.1,84.7,65.5,40.6,7.06,8.1,Wheat
26.6,53.8,23.7,83.3,94.6,54.0,6.47,6.2,Sugarcane
28.6,71.7,55.5,60.8,16.8,34.4,7.71,4.6,Barley
22.2,53.3,64.2,60.4,73.4,58.5,6.88,5.6,Wheat
29.8,56.9,54.5,42.3,23.1,35.3,7.36,5.3,Barley
15.8,44.3,68.4,70.2,14.0,21.4,5.75,7.0,Wheat
15.9,52.4,75.5,52.5,15.8,32.5,6.41,8.6,Wheat
35.6,43.6,11.1,64.2,101.8,57.8,6.27,5.8,Cotton
24.0,34.4,61.1,44.3,23.0,29.4,6.81,4.1,Wheat
18.2,66.2,116.0,68.5,15.0,54.1,7.48,7.6,Sugarcane
28.1,70.1,67.1,76.0,58.2,54.7,5.68,8.2,Rice
34.2,67.2,84.5,21.7,102.8,30.8,5.67,10.7,Maize
20.4,57.8,44.3,76.6,38.9,18.7,7.46,8.1,Wheat
30.6,52.8,95.1,53.2,56.4,47.6,5.99,7.3,Maize
17.1,81.8,95.0,77.6,14.4,29.0,7.04,8.0,Barley
16.3,61.1,67.3,44.5,59.4,50.2,6.75,10.5,Wheat
28.3,58.8,117.4,40.3,73.5,34.9,7.42,9.8,Maize
28.5,31.5,23.8,83.2,72.8,36.8,5.79,6.3,Barley
30.9,50.5,11.9,30.1,46.6,50.0,5.8,5.7,Cotton
33.2,52.8,94.7,77.5,44.7,32.2,6.78,5.8,Cotton
39.4,53.9,98.8,48.7,21.7,34.9,7.68,7.5,Maize
27.9,64.8,23.2,51.1,50.3,31.9,6.45,9.2,Maize
23.1,62.0,39.2,34.7,20.9,31.5,6.25,7.5,Wheat
34.9,66.5,11.9,55.8,94.3,38.7,6.9,4.5,Cotton
21.8,75.9,42.3,36.0,116.3,51.4,7.64,9.1,Maize
26.0,78.8,95.0,13.1,116.7,31.3,7.42,9.6,Maize
17.0,73.1,67.0,31.8,105.2,38.6,7.79,6.0,Barley
15.6,87.3,48.3,10.5,76.1,45.2,5.55,8.6,Sugarcane
39.1,31.1,50.9,88.3,87.1,27.1,5.76,7.0,Cotton
35.9,41.7,10.1,87.3,41.4,27.5,6.9,10.2,Maize
32.4,30.5,43.0,41.6,79.4,57.0,7.39,9.9,Maize
25.2,68.8,81.1,68.3,60.1,47.6,6.16,7.7,Maize
19.3,83.9,117.2,37.7,63.0,41.0,6.05,8.8,Barley
18.9,44.6,103.2,63.7,93.4,44.1,7.31,10.2,Wheat
21.3,85.6,12.6,74.4,41.0,16.3,5.63,7.5,Maize
28.7,33.6,108.8,85.7,45.0,42.8,6.35,6.2,Barley
32.9,86.1,96.2,42.0,111.7,37.9,6.66,9.3,Maize
31.5,51.1,95.8,72.7,16.2,39.6,6.79,5.5,Cotton
22.0,36.1,60.4,31.3,63.4,31.2,7.18,6.7,Wheat
38.9,59.2,53.8,89.2,110.4,18.7,6.32,10.1,Maize
33.4,45.4,43.3,12.1,77.1,23.7,6.91,9.1,Maize
28.9,47.1,17.2,58.3,70.1,57.8,6.85,6.8,Sugarcane
30.3,48.4,35.1,62.8,37.5,33.4,6.76,5.5,Cotton
25.5,78.2,37.1,65.0,47.8,36.0,6.97,6.5,Barley
21.2,62.3,63.2,19.6,103.7,17.4,6.1,6.0,Wheat
23.9,48.7,92.2,85.1,71.5,16.7,5.69,5.2,Wheat
33.9,66.6,62.1,24.5,66.6,47.3,5.77,9.2,Maize
15.4,73.0,16.4,59.8,21.0,39.2,6.02,5.8,Barley
17.9,46.4,115.4,27.8,11.8,37.9,6.65,7.2,Wheat
16.2,54.8,113.7,34.6,116.0,25.9,7.43,6.7,Wheat
16.0,37.3,96.4,53.7,51.5,48.5,7.11,10.9,Wheat
36.4,40.9,119.0,43.4,76.4,22.6,7.31,6.7,Cotton
32.6,70.9,69.9,22.8,18.8,23.5,6.31,4.6,Barley
26.9,40.9,115.9,23.7,85.1,35.7,6.43,4.6,Barley
17.4,61.5,18.3,43.5,112.6,27.9,6.41,8.1,Wheat
27.3,72.5,50.2,70.6,73.3,26.1,5.94,8.2,Maize
26.8,36.4,34.8,81.8,23.9,44.0,5.64,6.9,Barley
19.3,64.0,31.5,16.7,74.0,44.3,6.86,7.0,Wheat
25.8,45.4,25.5,41.4,94.3,52.1,7.78,4.4,Sugarcane
25.0,87.8,78.5,18.0,54.7,33.8,5.88,7.6,Maize
30.4,59.0,95.9,11.3,106.8,18.3,5.61,7.5,Maize
30.9,78.4,73.6,62.9,81.4,27.3,7.29,5.0,Barley
16.1,63.0,26.2,58.2,108.9,59.1,6.08,4.7,Wheat
24.4,32.6,99.2,23.0,78.6,41.8,7.41,4.9,Wheat
30.6,68.0,80.0,28.7,24.4,46.9,7.12,4.7,Cotton
27.6,87.1,52.7,11.9,44.1,15.3,7.68,8.3,Maize
36.4,66.1,84.2,76.8,32.2,38.3,6.44,5.4,Cotton
31.5,79.2,38.6,88.0,110.0,16.7,7.02,5.8,Barley
19.1,83.1,48.0,20.8,93.6,40.6,6.57,5.2,Barley
16.8,43.7,110.9,28.5,84.4,56.4,6.95,10.7,Wheat
31.1,42.7,42.0,79.5,43.1,58.6,6.53,10.0,Maize
15.7,66.7,61.7,84.1,30.2,39.3,5.93,5.6,Barley
29.6,54.7,107.9,43.6,93.2,35.6,6.67,6.3,Barley
38.5,80.4,87.8,14.0,62.2,57.5,6.72,5.5,Rice
29.4,84.0,16.8,13.2,34.8,45.3,7.36,7.4,Rice
24.7,51.2,26.2,55.9,77.8,17.9,7.19,4.1,Wheat
31.1,44.2,10.9,41.4,14.4,36.0,7.03,8.7,Maize
26.5,76.8,79.4,12.3,45.9,25.8,5.76,7.7,Maize
28.6,46.5,59.2,56.7,61.5,36.1,7.16,10.3,Maize
38.5,79.4,24.8,10.9,26.3,35.5,6.65,5.2,Barley
24.7,55.4,115.4,73.0,118.3,41.2,7.56,9.6,Wheat
39.0,70.1,68.3,34.5,33.0,31.1,7.62,9.5,Maize
37.6,35.7,36.6,13.2,24.3,22.4,5.63,4.9,Cotton
19.9,67.4,65.1,57.1,32.4,37.7,7.39,6.8,Barley
16.7,57.1,84.8,41.8,94.6,52.4,5.59,5.2,Wheat
17.5,65.2,18.4,87.9,56.8,44.9,6.34,5.8,Barley
15.5,40.1,40.2,53.5,72.2,30.2,6.75,5.8,Wheat
17.4,74.2,98.8,32.0,12.3,57.1,5.84,7.9,Sugarcane
32.1,81.8,60.6,66.8,13.8,56.0,7.22,6.9,Rice
16.8,43.0,70.1,31.7,59.0,24.4,5.52,10.6,Wheat
23.0,35.7,57.6,82.3,99.8,16.8,5.89,4.9,Wheat
36.1,31.4,14.8,40.0,107.4,48.4,6.84,10.8,Maize
15.6,68.5,28.2,54.0,19.5,52.2,7.14,5.6,Sugarcane
35.4,66.4,59.0,14.0,69.2,58.6,7.61,9.4,Maize
22.0,62.8,33.0,44.1,110.5,55.0,7.12,6.4,Wheat
18.0,43.9,15.5,76.6,52.7,42.0,7.05,5.0,Wheat
32.4,53.5,102.8,74.5,101.3,38.9,6.41,10.0,Maize
30.7,65.7,117.9,27.9,24.7,16.3,5.5,6.2,Cotton
36.9,59.8,97.2,28.1,112.9,26.1,5.78,8.6,Maize
33.4,89.3,103.9,75.4,92.7,35.7,6.73,8.0,Maize
35.1,38.2,36.6,84.4,113.5,43.3,7.05,7.3,Maize
22.1,71.7,115.7,17.6,84.4,40.1,6.46,7.5,Maize
19.4,54.3,31.7,46.0,50.0,48.4,7.18,9.1,Wheat
33.8,55.7,114.7,37.0,113.2,27.6,6.7,4.6,Cotton
35.2,73.1,119.4,79.7,40.3,40.4,5.67,8.7,Rice
39.8,71.5,88.3,16.7,46.5,19.0,5.94,10.3,Maize
25.3,89.5,117.9,26.9,87.1,33.6,7.43,4.4,Barley
24.3,37.7,72.6,70.2,94.2,48.8,7.17,5.0,Wheat
34.4,36.2,38.5,14.1,112.2,46.2,7.56,9.0,Maize
23.5,73.5,58.1,49.4,32.5,59.6,5.77,7.1,Maize
38.3,64.7,75.3,45.4,97.8,27.5,7.78,6.8,Cotton
36.5,46.4,18.0,36.8,91.2,37.4,5.98,5.0,Cotton
25.7,34.8,78.5,41.6,17.0,29.8,5.53,7.5,Maize
33.8,35.1,117.9,52.4,52.6,34.8,7.79,4.9,Cotton
33.9,83.7,30.9,22.9,41.1,53.6,6.15,7.3,Rice
17.6,41.5,97.2,55.8,43.5,45.8,7.04,9.3,Wheat
37.6,49.4,109.9,74.4,118.1,54.7,5.91,5.8,Cotton
27.6,43.6,113.8,70.8,80.7,24.2,6.83,7.4,Maize
35.7,51.3,115.6,22.3,88.9,54.3,7.58,10.9,Maize
23.0,34.2,67.4,21.9,117.4,17.7,6.24,8.8,Wheat
37.4,61.1,117.5,31.5,51.5,55.0,7.04,9.9,Maize
24.7,34.1,93.3,38.9,98.2,29.8,5.93,6.9,Wheat
15.3,78.0,27.8,42.7,57.8,29.2,6.94,9.4,Barley
37.6,44.0,62.5,64.4,105.6,38.0,6.27,4.3,Cotton
17.3,62.4,89.0,14.5,29.9,57.3,5.99,4.9,Wheat
23.0,82.8,37.2,12.8,114.2,17.2,6.22,5.4,Barley
38.8,69.1,80.5,41.4,34.1,30.9,5.91,6.8,Cotton
38.8,62.0,83.3,65.8,45.9,53.5,7.57,9.9,Maize
29.3,49.5,27.9,25.5,93.2,32.8,6.41,6.4,Barley
30.8,50.0,72.2,61.3,53.3,24.0,6.06,8.6,Maize
26.2,70.2,94.9,30.8,76.9,34.1,6.53,9.0,Maize
22.3,89.6,64.9,80.9,58.9,32.3,6.24,8.1,Maize
23.2,69.7,11.3,81.7,91.7,56.2,7.21,6.5,Sugarcane
31.8,63.5,11.0,33.8,35.1,49.3,7.73,8.0,Maize
33.8,73.8,49.3,28.4,16.4,37.7,6.51,6.4,Barley
34.8,57.9,111.9,42.9,43.0,59.5,7.48,4.6,Cotton
34.7,33.6,35.2,29.2,62.2,35.9,6.8,10.9,Maize
17.3,63.7,79.8,63.8,28.5,17.6,5.86,4.9,Wheat
27.4,87.5,34.4,76.1,49.0,26.8,7.09,4.5,Barley
16.4,40.5,45.4,63.8,54.0,34.6,6.68,10.1,Wheat
28.7,71.4,103.3,75.9,16.3,22.1,7.0,6.1,Barley
26.0,42.1,90.2,41.8,74.2,57.6,7.55,8.6,Maize
37.2,62.1,20.5,22.5,107.3,49.5,6.51,6.3,Cotton
23.8,35.8,57.2,69.0,26.7,27.1,7.57,6.7,Wheat
17.9,57.0,13.2,38.8,75.8,41.6,7.23,5.8,Wheat
18.6,75.4,62.9,63.7,83.1,47.5,6.62,6.4,Sugarcane
34.0,50.9,82.9,31.7,56.1,57.4,6.89,6.9,Cotton
30.5,69.9,23.0,16.5,87.1,54.7,6.25,9.0,Maize
17.5,77.7,41.8,89.4,55.2,38.2,7.76,7.6,Barley
17.1,85.6,53.8,22.5,65.5,49.9,7.03,10.6,Sugarcane
32.5,44.1,111.1,89.1,10.8,40.3,5.6,4.3,Cotton
16.8,54.0,119.3,88.2,86.1,39.9,6.25,7.5,Wheat
35.5,39.1,14.9,73.5,82.7,20.2,6.93,8.1,Maize
32.7,89.5,93.7,62.8,14.2,20.7,5.63,10.4,Maize
17.0,85.6,50.9,56.2,50.5,38.8,5.55,4.3,Barley
17.1,62.4,53.2,79.3,117.7,27.1,6.54,8.0,Wheat
39.7,80.5,93.0,33.2,56.3,15.9,6.27,10.0,Maize
24.4,61.3,111.0,47.4,65.2,47.5,6.51,5.7,Wheat
24.3,67.4,114.6,59.6,110.1,16.5,6.1,10.1,Maize
35.3,35.3,73.5,42.9,88.9,41.8,5.88,4.1,Cotton
38.7,75.3,49.3,44.2,74.0,39.3,7.09,9.1,Maize
39.7,37.7,96.6,36.4,97.8,58.6,6.68,10.5,Maize
33.8,79.6,37.6,55.1,105.1,36.8,5.96,8.6,Maize
24.4,76.9,72.0,78.0,60.3,17.9,6.24,7.1,Maize
17.1,72.5,49.4,26.1,62.3,39.8,6.86,4.3,Barley
34.4,32.2,82.2,84.8,52.5,52.8,5.67,10.4,Maize
29.0,48.2,36.4,65.1,116.3,59.9,5.84,7.3,Maize
25.6,45.8,31.1,75.9,86.7,34.4,5.67,4.2,Barley
37.7,51.6,111.0,54.5,19.2,29.4,7.37,8.8,Maize
17.8,35.3,21.2,72.4,104.9,55.8,7.23,7.4,Wheat
27.3,86.2,65.7,11.3,62.9,23.6,7.23,4.9,Barley
15.3,63.2,34.3,75.5,17.6,42.7,7.15,5.5,Wheat
26.7,48.3,14.3,13.2,70.5,33.3,7.04,4.5,Barley
16.4,53.8,14.0,81.2,55.9,16.8,6.6,8.0,Wheat
18.0,56.8,29.3,89.4,106.6,30.6,6.98,8.4,Wheat
17.9,66.0,105.3,33.5,32.4,26.9,5.59,7.5,Barley
31.2,60.9,41.1,26.8,100.9,45.9,6.93,9.7,Maize
33.7,85.2,114.6,71.2,71.3,57.7,7.29,10.0,Rice
29.6,59.8,74.0,30.2,16.0,27.1,6.65,8.3,Maize
39.1,89.5,58.0,79.2,116.9,51.5,6.32,4.1,Rice
24.4,81.1,73.8,18.2,66.4,17.5,6.14,8.9,Maize
22.1,42.5,66.8,20.1,42.0,39.2,6.98,6.9,Wheat
36.7,85.8,93.5,88.3,61.6,18.2,7.09,8.0,Maize
20.6,37.0,41.1,63.9,104.4,57.0,7.5,8.5,Wheat
39.1,79.0,48.8,77.8,43.5,49.5,6.29,6.5,Rice
15.3,52.8,108.4,35.9,31.2,44.6,7.27,10.4,Wheat
39.2,82.7,114.1,64.1,24.2,52.1,6.79,4.9,Rice
16.1,82.1,108.2,57.5,42.8,44.1,7.53,8.7,Barley
37.3,78.4,56.1,58.3,95.8,58.6,6.71,4.0,Rice
28.2,77.4,95.8,64.6,61.9,47.1,6.69,10.5,Rice
39.8,48.3,62.4,56.0,35.0,56.6,6.83,4.8,Cotton
16.8,34.9,64.7,44.3,28.3,38.3,7.22,4.7,Wheat
28.8,54.2,32.5,32.1,46.6,20.3,7.72,6.3,Barley
39.2,40.4,75.0,71.5,113.4,38.8,5.67,6.6,Cotton
28.1,71.7,30.5,28.1,47.7,20.7,5.62,5.5,Barley
30.7,50.8,46.5,65.4,118.7,41.7,7.66,8.1,Maize
32.4,88.5,104.1,28.7,63.4,36.7,6.72,7.1,Maize
26.4,68.5,32.8,60.0,29.7,43.0,6.91,4.2,Barley
30.7,79.3,17.8,69.8,108.0,15.5,6.61,6.2,Barley
29.6,38.0,17.6,27.5,60.6,23.8,5.72,9.7,Maize
37.5,81.7,113.5,14.8,88.1,37.1,7.27,8.8,Maize
16.1,85.4,65.8,20.5,118.2,57.8,7.22,9.1,Sugarcane
22.0,59.2,55.0,58.5,15.5,32.3,6.22,8.9,Wheat
38.8,66.4,99.2,78.0,20.6,34.1,6.2,6.2,Cotton
37.3,75.9,101.9,13.6,89.3,47.2,7.43,4.7,Rice
26.4,40.5,46.5,68.7,41.0,42.2,5.67,5.9,Barley
30.5,60.2,86.3,37.3,30.3,28.5,7.53,9.8,Maize
21.9,53.9,94.8,48.3,14.3,33.5,6.09,10.9,Wheat
19.7,38.8,82.0,84.3,12.4,24.8,6.86,7.5,Wheat
26.6,52.1,26.7,36.6,95.2,58.5,7.65,4.1,Sugarcane
23.8,34.1,106.3,47.2,24.8,20.9,7.06,5.0,Wheat
29.6,31.5,69.3,11.1,61.4,31.7,6.45,6.3,Barley
16.9,38.1,41.1,16.5,76.6,16.2,7.09,8.1,Wheat
39.4,87.8,56.8,30.7,57.1,25.0,6.29,4.5,Barley
39.7,63.0,14.1,12.2,13.0,50.1,6.14,10.6,Maize
32.5,87.9,24.1,60.5,96.2,24.1,7.79,6.6,Barley
28.4,55.9,94.2,44.1,11.2,18.6,7.23,10.4,Maize
22.7,48.7,10.0,53.9,93.8,36.4,6.98,9.5,Wheat
35.3,60.4,55.8,24.0,108.3,15.4,6.32,9.3,Maize
32.1,56.4,67.5,33.7,57.6,18.8,5.61,8.2,Maize
19.1,36.3,16.0,63.1,68.9,51.3,5.57,8.4,Wheat
37.8,68.4,117.0,87.2,62.5,49.7,6.77,8.5,Maize
35.6,43.0,34.9,14.0,52.8,56.2,7.25,8.4,Maize
38.7,67.2,43.5,81.2,107.6,53.5,6.74,7.9,Maize
33.1,69.0,43.4,56.2,108.3,45.7,7.43,10.9,Maize
30.3,39.1,35.3,55.1,46.9,17.4,5.58,9.1,Maize
25.5,33.7,10.2,50.0,77.7,50.2,6.34,9.4,Maize
38.3,76.8,90.2,15.6,112.0,53.0,6.05,10.1,Rice
36.7,57.6,116.4,17.2,115.8,51.0,6.53,5.5,Cotton
16.1,33.5,34.7,58.1,66.0,37.9,5.67,4.6,Wheat
15.7,89.7,82.9,37.3,59.8,25.5,7.69,7.4,Barley
24.4,33.5,91.6,83.4,40.7,53.0,6.01,7.6,Wheat
35.3,71.7,103.3,42.5,115.5,47.7,7.62,9.8,Rice
39.7,89.0,56.5,21.5,25.7,59.1,6.48,7.1,Rice
18.8,44.4,43.3,67.2,73.8,22.0,7.77,8.0,Wheat
29.9,38.5,45.8,33.5,41.1,25.2,6.77,7.7,Maize
24.5,37.3,88.4,52.0,40.7,24.5,7.64,4.3,Wheat
39.2,48.2,99.8,65.8,54.5,50.7,5.51,8.3,Maize
36.1,36.1,30.0,82.0,119.9,23.4,7.22,9.8,Maize
36.0,71.5,50.8,73.4,16.0,18.0,7.58,5.1,Barley
26.7,33.7,109.2,64.1,73.6,59.9,5.82,8.2,Maize
25.4,60.6,98.7,64.4,19.1,16.1,5.72,8.2,Maize
21.8,89.8,118.3,85.7,27.0,52.6,6.48,5.1,Sugarcane
16.4,78.8,93.0,33.7,58.4,31.4,7.65,4.9,Barley
36.6,66.9,53.3,10.1,66.2,52.9,6.75,10.9,Maize
35.3,48.4,75.0,31.8,38.5,40.0,6.71,6.8,Cotton
40.0,67.4,82.7,27.4,44.8,55.6,5.82,5.6,Cotton
39.9,61.6,18.6,62.9,19.6,56.7,5.5,5.2,Cotton
28.9,55.6,69.9,60.7,43.4,15.4,7.36,8.7,Maize
34.2,37.8,88.0,57.5,116.3,18.4,5.7,8.3,Maize
38.6,83.2,28.4,11.3,113.9,26.3,6.96,8.5,Maize
36.2,57.0,95.9,68.3,46.8,45.1,7.6,4.6,Cotton
21.2,41.7,74.2,35.9,72.8,55.0,5.98,10.3,Wheat
26.3,52.1,114.7,63.2,110.1,35.7,7.03,6.7,Barley
18.2,54.8,14.7,54.5,10.7,42.3,5.68,6.2,Wheat
38.9,79.7,39.2,37.4,99.2,23.5,6.89,7.2,Maize
30.2,74.0,76.2,20.8,114.3,51.2,5.88,6.7,Rice
20.7,76.2,42.6,17.6,20.0,58.5,7.19,10.0,Maize
31.8,30.7,88.6,76.5,27.8,27.1,6.19,10.5,Maize
30.5,55.0,93.5,83.5,115.7,37.3,6.57,6.1,Cotton
24.0,58.9,21.3,62.0,69.1,18.9,6.88,10.0,Wheat
17.8,31.2,66.5,18.3,11.6,40.2,5.89,9.5,Wheat
31.8,45.6,66.0,42.2,38.3,37.6,7.21,10.5,Maize
28.0,75.6,50.6,68.3,59.5,21.5,6.2,5.7,Barley
34.3,38.2,112.6,72.4,86.2,34.9,7.02,8.0,Maize
28.0,62.1,101.0,19.5,90.6,30.0,5.86,5.9,Barley
36.3,42.9,86.7,10.0,119.5,38.5,7.08,9.8,Maize
28.8,30.7,88.6,67.0,41.6,41.4,5.79,4.0,Barley
29.0,44.5,60.8,38.5,69.2,15.4,6.48,8.0,Maize
36.9,88.6,111.3,30.4,68.7,49.2,6.07,6.4,Rice
25.1,78.1,86.4,11.0,54.6,47.1,7.22,6.3,Rice
18.4,87.6,90.2,53.2,28.6,31.5,6.1,8.5,Barley
15.7,59.3,104.8,78.1,117.5,17.4,7.53,10.0,Wheat
33.9,36.6,40.1,86.6,103.9,49.0,7.55,8.3,Maize
30.5,62.9,98.8,55.3,64.8,58.0,5.95,10.0,Maize
32.6,57.3,31.5,51.2,76.4,25.8,6.91,5.9,Cotton
20.3,80.7,48.0,16.8,35.0,29.6,5.7,7.6,Maize
18.4,35.9,46.9,53.9,69.8,23.3,6.4,7.2,Wheat
15.4,59.3,117.6,40.4,86.4,41.0,7.14,4.1,Wheat
23.8,39.0,104.2,58.6,66.7,22.0,7.02,7.9,Wheat
29.7,49.5,87.1,41.1,118.9,31.0,6.94,8.6,Maize
24.8,74.2,90.0,29.2,77.2,46.4,6.15,8.1,Maize
25.9,58.6,71.8,17.6,50.8,40.2,6.37,9.2,Maize
37.6,52.6,114.2,35.2,94.9,32.4,5.74,8.0,Maize
23.7,53.7,64.6,17.7,28.8,33.9,7.15,4.5,Wheat
27.8,57.6,51.9,24.2,52.3,40.3,6.66,4.8,Barley
34.6,77.1,27.9,89.0,48.2,15.3,7.13,8.2,Maize
24.9,83.5,96.5,45.5,57.5,18.5,6.07,5.9,Barley
30.6,87.3,90.8,52.5,96.0,54.7,6.25,4.6,Rice
36.6,77.2,52.3,79.9,63.3,18.5,6.27,7.0,Barley
38.7,48.9,12.8,89.6,97.3,46.8,5.56,7.9,Maize
18.7,71.3,102.3,56.6,73.4,56.4,6.28,6.3,Sugarcane
38.2,56.3,11.3,75.0,47.6,27.2,7.35,9.0,Maize
27.3,45.3,87.4,36.2,99.1,31.7,7.56,8.5,Maize
21.5,80.5,116.7,34.5,36.2,40.6,6.69,6.3,Barley
26.5,32.3,58.1,42.2,34.7,54.7,6.55,9.3,Maize
39.5,84.1,35.8,63.8,65.5,57.4,5.57,8.5,Rice
27.3,57.7,87.5,64.6,38.7,48.3,7.52,8.5,Maize
23.2,68.2,99.9,35.2,11.0,18.9,5.53,7.9,Maize
30.8,69.6,70.1,20.7,81.3,45.1,7.67,4.1,Cotton
21.0,83.7,116.4,60.6,66.2,33.5,6.63,8.9,Maize
16.9,68.2,15.7,20.3,59.0,36.2,6.29,6.6,Barley
18.2,66.8,65.5,56.3,116.4,17.2,7.63,10.6,Barley
18.2,34.0,89.0,65.5,72.8,23.6,5.56,9.7,Wheat
18.8,61.1,104.9,66.0,105.0,50.6,6.84,8.1,Wheat
18.5,39.0,29.7,70.3,25.3,35.4,6.76,5.8,Wheat
31.0,74.2,98.0,79.8,72.6,28.6,6.0,5.4,Barley
19.5,60.7,70.8,50.0,105.5,32.3,6.49,6.4,Wheat
23.6,70.8,53.6,68.4,74.1,53.4,7.0,7.3,Maize
37.4,32.5,24.5,59.5,89.0,48.7,7.17,6.1,Cotton
26.8,35.1,105.2,24.9,50.9,27.3,5.5,7.6,Maize
31.7,73.0,27.3,12.1,20.2,20.3,7.65,5.2,Barley
19.3,34.3,44.1,32.8,60.4,26.3,5.88,10.8,Wheat
19.8,34.3,41.9,45.4,53.4,56.4,6.04,4.8,Wheat
16.0,30.7,105.9,59.4,105.4,41.2,6.11,10.5,Wheat
19.2,87.4,84.0,78.0,36.8,39.0,5.59,10.4,Barley
22.0,74.3,97.6,25.7,116.3,41.8,5.78,7.7,Maize
19.4,51.2,37.6,20.0,115.4,31.5,7.77,9.1,Wheat
17.2,47.8,78.7,87.1,37.2,51.3,6.22,7.1,Wheat
18.0,51.0,72.9,18.6,48.3,38.5,5.77,8.4,Wheat
26.5,76.5,101.6,48.3,108.5,20.3,5.75,6.4,Barley
20.2,69.7,109.7,56.8,116.3,20.8,7.15,6.1,Barley
24.1,41.1,11.3,53.3,58.8,39.2,7.47,8.0,Wheat
27.6,40.4,84.1,16.9,45.3,57.1,6.09,7.5,Maize
32.3,35.9,15.7,14.6,67.9,28.9,5.55,8.1,Maize
16.0,69.6,70.4,18.4,85.7,54.1,6.01,6.0,Sugarcane
35.0,75.9,41.6,56.8,40.1,49.4,5.63,6.6,Rice
30.7,45.9,43.7,53.5,91.0,26.2,5.74,4.6,Cotton
17.0,31.3,48.8,28.7,15.7,16.6,6.49,4.4,Wheat
36.8,34.9,78.3,61.0,15.4,19.6,6.03,5.8,Cotton
38.0,88.1,46.7,75.6,52.5,47.8,6.69,4.5,Rice
16.5,47.7,90.6,13.3,48.9,24.0,6.08,4.7,Wheat
21.9,76.2,54.5,49.9,44.7,31.7,7.66,9.7,Maize
35.2,67.5,17.5,65.1,64.0,37.6,7.58,4.3,Cotton
33.7,52.9,96.2,30.2,45.3,47.6,6.8,8.6,Maize
19.6,42.3,41.4,34.6,31.1,20.1,6.32,5.9,Wheat
20.2,37.3,57.6,59.1,44.0,33.3,6.38,10.1,Wheat
24.3,66.9,85.4,81.8,117.2,36.8,6.45,7.4,Maize
27.1,76.5,46.6,74.8,55.2,39.3,7.17,6.1,Barley
30.5,68.6,16.2,56.7,58.9,51.8,6.54,7.6,Maize
24.2,61.8,51.1,68.4,73.4,22.7,7.47,6.7,Wheat
26.6,32.5,113.9,39.2,118.2,51.4,7.67,8.0,Maize
33.7,88.1,80.6,61.3,36.6,46.2,6.27,4.8,Rice
15.9,77.9,83.9,47.3,84.9,40.0,6.79,11.0,Barley
21.3,47.6,79.6,25.2,88.8,46.5,5.72,7.0,Wheat
32.8,88.8,31.9,66.1,76.8,33.5,5.96,6.4,Barley
37.4,66.1,56.0,54.5,19.7,21.2,6.45,9.0,Maize
27.8,64.9,92.6,38.7,84.5,45.0,5.97,6.5,Barley
28.3,74.9,21.2,82.9,17.1,38.6,7.52,9.8,Maize
17.7,78.7,40.6,11.7,75.6,43.8,5.86,7.2,Barley
26.2,69.4,40.4,35.3,91.4,30.2,6.55,9.0,Maize
28.3,37.7,57.5,14.6,33.2,55.8,6.89,4.8,Sugarcane
21.1,50.3,117.8,71.3,102.6,41.4,7.09,9.9,Wheat
21.7,85.7,17.4,66.2,13.3,18.8,6.38,9.2,Maize
24.4,43.5,67.1,36.5,102.8,35.2,7.5,5.5,Wheat
15.5,52.3,29.7,64.1,60.6,49.0,6.81,5.0,Wheat
23.1,55.9,116.8,41.7,33.9,50.7,6.51,6.2,Wheat
20.3,56.4,22.5,70.5,24.7,37.3,5.65,10.8,Wheat
23.2,66.8,54.4,46.3,114.9,55.3,6.57,5.8,Sugarcane
18.0,86.6,91.2,43.0,18.0,27.0,7.39,7.2,Barley
37.3,44.4,87.5,84.8,31.9,33.5,6.91,4.2,Cotton
29.8,37.3,56.5,30.1,48.3,55.4,7.41,6.8,Sugarcane
32.0,41.8,48.1,19.6,78.2,55.3,6.64,8.0,Maize
34.7,83.2,53.7,56.8,69.9,45.9,5.77,10.7,Rice
27.5,68.7,39.1,87.5,23.8,53.7,5.53,7.6,Maize
17.2,47.2,32.6,40.2,41.9,19.0,6.2,9.7,Wheat
28.4,79.0,63.1,15.0,36.3,53.9,7.11,7.8,Rice
29.7,81.7,39.5,37.1,33.5,29.4,7.32,4.3,Barley
33.6,80.8,41.6,50.5,55.2,23.0,6.18,6.2,Barley
25.8,85.1,82.2,23.0,87.4,25.8,6.64,8.0,Maize
18.2,45.1,116.5,62.6,33.9,33.8,6.47,10.7,Wheat
22.1,75.3,76.4,89.8,50.3,26.3,6.44,10.0,Maize
24.1,57.6,18.5,46.1,53.0,29.4,6.03,5.6,Wheat
31.1,80.5,18.3,38.4,117.4,21.1,5.81,5.5,Barley
29.3,73.7,114.7,42.1,115.0,28.3,5.95,5.4,Barley
23.9,76.6,42.7,19.2,98.0,40.8,5.63,10.5,Maize
39.7,69.4,20.1,80.7,36.6,34.9,5.96,10.0,Maize
30.1,40.6,75.9,43.2,17.5,30.6,5.52,9.4,Maize
20.9,62.7,78.6,41.0,44.9,48.6,6.94,6.7,Wheat
17.5,89.1,81.3,62.8,39.3,55.2,6.23,7.5,Sugarcane
18.8,86.2,39.4,45.4,65.7,49.1,7.74,7.3,Sugarcane
21.1,32.6,11.7,61.9,95.6,29.9,5.95,5.8,Wheat
19.0,39.9,116.2,14.9,104.4,48.5,6.3,7.5,Wheat
19.7,37.9,37.6,75.1,102.9,21.8,6.32,4.2,Wheat
22.1,73.6,84.4,85.2,49.6,20.9,5.52,4.9,Barley
19.3,79.1,87.7,61.9,85.6,30.6,7.43,10.2,Barley
37.4,42.8,77.1,86.4,44.4,51.3,5.57,9.3,Maize
17.0,60.4,44.4,22.1,16.7,26.1,7.66,7.0,Wheat
28.1,80.4,39.8,48.2,87.2,17.8,7.55,7.6,Maize
25.3,74.0,75.7,58.1,11.1,20.9,6.73,6.6,Barley
39.6,62.5,105.3,56.5,55.0,53.6,6.75,9.2,Maize
17.8,65.4,114.1,42.1,46.2,43.5,7.0,9.5,Barley
24.9,60.5,21.6,37.0,86.3,26.4,6.39,9.3,Wheat
39.2,47.9,27.0,20.1,94.3,40.0,6.99,9.1,Maize
36.6,63.9,113.9,41.3,43.5,38.7,5.6,5.4,Cotton
35.4,71.3,91.0,23.0,99.3,44.5,5.62,6.4,Rice
21.4,82.4,107.1,68.7,42.3,25.5,6.55,7.3,Maize
19.3,68.2,32.3,26.7,59.1,53.9,6.76,6.3,Sugarcane
31.7,75.7,74.6,14.7,90.0,28.9,7.54,9.3,Maize
38.2,39.6,87.1,54.2,86.2,46.2,5.74,6.3,Cotton
28.9,57.7,84.8,57.6,118.6,15.7,7.39,5.0,Barley
29.3,30.6,54.9,79.8,34.8,31.8,5.98,6.8,Barley
22.0,44.8,11.7,56.2,82.9,30.8,6.41,10.9,Wheat
34.2,73.6,74.1,37.6,77.1,39.5,6.23,5.6,Barley
19.7,89.5,37.8,74.2,110.7,18.3,6.42,8.3,Barley
23.1,36.0,59.5,53.2,27.2,50.6,5.85,7.0,Wheat
25.6,54.1,115.3,16.3,92.7,24.8,6.66,4.5,Barley
27.7,78.0,53.9,55.3,72.5,45.5,7.34,7.4,Rice
21.1,42.2,102.4,82.6,40.2,51.1,6.52,8.9,Wheat
17.9,63.3,30.7,41.7,62.2,40.3,6.63,7.6,Wheat
30.3,74.0,84.0,33.7,46.7,48.3,7.45,10.1,Rice
22.2,67.0,117.5,21.5,73.7,44.8,7.12,6.0,Barley
29.5,41.3,21.2,22.1,107.8,31.0,6.63,4.6,Barley
18.9,51.3,10.9,44.6,72.6,51.4,6.09,10.6,Wheat
27.0,77.0,57.7,57.7,79.5,28.3,7.54,6.6,Barley
28.3,63.3,20.2,16.4,67.1,40.7,6.83,8.0,Maize
16.3,30.3,92.3,85.2,15.6,48.5,6.01,9.5,Wheat
23.4,75.7,110.6,70.4,35.6,32.1,6.12,6.3,Barley
18.4,32.1,57.7,56.9,64.1,28.6,7.35,9.0,Wheat
16.6,74.7,38.5,76.3,44.1,35.7,5.6,4.9,Barley
39.7,42.1,57.8,16.4,30.0,51.8,7.78,6.0,Cotton
23.1,87.5,89.6,48.1,65.5,56.8,5.8,5.0,Sugarcane
35.2,52.1,11.0,60.4,45.5,39.5,7.33,9.7,Maize
21.4,49.6,74.8,76.3,38.4,44.8,6.41,5.6,Wheat
32.0,38.9,77.5,72.7,61.0,55.6,6.63,9.0,Maize
34.0,48.3,80.1,32.2,24.7,19.4,7.53,10.6,Maize
29.9,82.6,36.6,85.3,112.1,25.4,6.45,7.7,Maize
26.8,89.8,88.5,19.9,105.4,46.9,6.74,7.8,Rice
25.3,52.1,20.1,80.0,87.8,52.1,5.61,7.2,Maize
23.7,56.9,31.9,87.7,21.7,53.6,5.51,6.3,Wheat
38.2,73.3,106.5,24.2,95.3,33.7,6.06,7.3,Maize
35.8,83.2,91.3,67.8,98.9,19.0,7.07,8.2,Maize
39.1,65.6,11.5,13.2,94.5,34.7,5.78,10.9,Maize
18.1,53.5,37.3,42.4,22.5,25.4,5.76,10.6,Wheat
33.3,54.8,33.6,51.3,80.8,28.1,6.45,10.0,Maize
38.5,71.7,39.8,56.5,101.8,49.8,6.99,10.2,Rice
19.5,30.2,37.2,84.9,73.5,18.4,7.14,7.3,Wheat
16.7,67.2,16.9,63.8,81.1,52.2,5.91,8.6,Sugarcane
33.5,51.3,60.5,48.5,60.4,34.2,5.68,10.3,Maize
29.4,77.7,90.6,74.8,68.2,41.8,7.66,6.8,Rice
36.0,35.6,76.7,86.0,13.8,19.0,6.1,10.7,Maize
18.5,65.3,84.0,11.8,80.3,30.2,7.46,6.9,Barley
34.9,58.9,18.9,88.6,19.0,19.0,7.49,8.2,Maize
20.0,68.5,114.7,16.9,57.9,58.3,7.28,9.0,Sugarcane
19.1,33.9,102.2,75.2,42.2,51.3,5.89,10.7,Wheat
19.1,64.8,98.6,32.4,70.0,35.7,7.39,5.7,Wheat
35.4,63.7,100.5,20.6,24.7,25.1,7.27,9.2,Maize
31.6,63.6,112.6,45.2,86.1,57.0,6.87,7.6,Maize
28.1,66.2,69.9,61.5,97.5,30.5,6.28,5.9,Barley
24.0,70.6,32.0,40.5,28.0,22.2,6.1,9.4,Maize
36.9,78.3,77.8,14.4,21.5,40.3,5.78,7.9,Rice
24.8,46.2,91.7,58.0,26.0,57.5,6.67,8.6,Wheat
35.4,79.5,91.2,82.2,106.5,15.2,6.85,6.3,Barley
26.0,59.9,67.4,40.7,68.1,25.7,6.33,7.4,Maize
24.4,34.6,17.5,27.3,61.4,57.2,6.59,8.3,Wheat
26.6,33.5,50.8,45.4,21.7,22.7,6.34,6.8,Barley
22.5,50.1,111.3,13.9,81.5,20.1,6.97,5.4,Wheat
33.7,77.1,74.3,75.6,105.5,40.7,7.57,10.7,Rice
27.6,72.5,69.2,76.1,101.1,53.8,5.88,7.6,Rice
20.8,77.3,39.6,57.0,78.9,36.5,6.38,9.1,Maize
37.5,61.0,50.5,38.2,18.3,59.8,5.82,6.9,Cotton
24.6,56.4,108.5,74.0,22.4,45.6,6.94,6.5,Wheat
28.6,38.8,83.3,54.4,15.4,18.3,7.18,6.9,Barley
37.7,49.7,96.6,76.1,38.3,59.7,7.64,6.9,Cotton
30.6,56.0,60.0,60.5,24.9,33.4,6.14,7.8,Maize
17.9,35.3,79.3,72.8,38.6,27.9,7.69,7.8,Wheat
38.5,43.2,37.3,57.9,52.4,40.1,5.65,7.5,Maize
30.7,65.9,87.6,43.1,113.7,28.7,6.89,4.9,Cotton
23.4,74.1,57.0,86.6,77.1,18.9,5.63,7.5,Maize
18.5,89.9,58.7,53.3,101.8,15.1,7.56,5.2,Barley
34.9,86.0,81.4,58.4,88.1,35.2,6.72,4.9,Barley
30.5,68.6,113.0,27.6,22.4,52.7,7.04,10.5,Maize
28.3,55.3,17.0,60.1,91.0,40.8,7.41,8.2,Maize
37.3,68.2,100.7,55.7,40.3,60.0,5.85,8.6,Maize
34.7,77.1,42.2,24.8,80.3,27.9,5.59,6.8,Barley
18.8,37.1,58.8,14.8,47.5,27.6,7.52,10.4,Wheat
22.8,54.6,12.4,58.3,119.7,22.2,6.22,8.5,Wheat
21.2,80.4,43.1,71.1,39.0,22.4,5.8,9.4,Maize
33.6,53.0,65.3,51.9,40.7,27.8,6.58,6.6,Cotton
15.8,64.3,16.2,28.1,112.4,50.7,6.88,10.7,Wheat
29.2,65.3,64.0,63.3,12.7,55.8,5.57,9.7,Maize
34.1,41.1,112.0,16.4,86.6,58.9,6.13,10.0,Maize
36.9,51.7,21.6,45.3,89.8,25.5,5.58,5.2,Cotton
23.6,50.1,94.1,23.1,102.0,54.7,6.47,5.9,Wheat
35.5,31.6,55.1,24.8,117.2,29.8,7.56,6.0,Cotton
17.8,31.5,82.1,26.2,117.3,20.1,7.76,5.9,Wheat
36.2,79.9,38.6,40.9,17.2,54.2,6.97,10.0,Rice
18.2,46.4,27.5,14.1,100.4,43.6,5.87,4.2,Wheat
24.9,61.1,27.7,41.8,81.1,22.4,7.58,4.5,Wheat
34.9,47.9,17.8,50.9,81.2,34.3,6.69,5.9,Cotton
18.7,86.4,30.4,48.7,24.1,27.9,5.85,5.4,Barley
20.7,45.6,83.1,40.6,81.5,48.2,7.62,5.6,Wheat
33.1,55.8,107.0,77.1,118.1,35.4,7.24,9.6,Maize
33.0,82.4,99.6,21.6,110.3,59.5,7.18,7.9,Rice
31.0,80.5,85.4,50.5,58.3,17.5,7.13,4.0,Barley
32.3,41.2,22.1,15.0,14.4,31.0,5.96,7.0,Cotton
28.6,78.2,41.8,15.7,49.9,36.7,5.99,6.9,Barley
21.3,57.5,44.1,55.9,100.9,37.6,7.08,4.8,Wheat
23.6,59.0,37.5,55.3,87.2,29.2,6.01,8.7,Wheat
19.5,38.0,66.7,80.2,60.5,47.8,6.51,8.9,Wheat
37.7,34.8,68.9,54.6,16.1,54.4,7.3,9.0,Maize
29.6,73.7,49.3,86.8,57.0,57.2,7.3,9.1,Rice
25.0,59.8,48.9,13.9,61.6,51.2,6.54,4.0,Sugarcane
26.6,56.2,101.1,17.8,112.1,53.3,7.32,10.7,Maize
38.7,73.8,96.8,13.5,80.5,39.8,7.43,9.7,Maize
18.8,75.9,43.9,24.8,44.3,52.2,7.01,10.3,Sugarcane
29.7,39.5,110.5,53.3,67.8,28.7,6.03,4.1,Barley
27.6,66.6,114.8,61.6,17.3,32.9,6.13,10.5,Maize
30.3,38.1,45.9,13.6,117.0,29.3,6.22,9.7,Maize
15.5,75.1,49.0,85.7,49.6,36.0,5.77,9.9,Barley
36.8,69.4,65.6,77.4,62.6,27.9,6.13,4.7,Cotton
38.3,87.4,113.5,33.7,49.1,58.3,5.98,9.2,Rice
29.1,34.1,106.4,16.2,85.1,29.1,6.55,10.7,Maize
32.4,33.4,21.3,23.6,82.8,19.4,7.59,8.7,Maize
38.1,46.9,53.2,20.2,88.7,38.7,5.74,8.0,Maize
32.7,45.7,70.9,19.9,39.5,17.6,7.16,10.6,Maize
18.8,44.8,65.3,51.5,44.7,20.0,7.08,7.1,Wheat
29.4,84.4,31.3,29.7,23.8,24.9,5.72,8.2,Maize
30.2,45.0,104.5,38.7,82.1,35.9,7.62,7.3,Maize
25.6,46.3,84.5,89.2,14.4,34.5,6.81,10.5,Maize
33.4,75.6,102.2,64.7,75.7,51.0,6.34,4.5,Rice
38.4,57.0,104.5,85.9,105.7,48.3,7.24,7.5,Maize
38.1,76.6,92.3,21.4,108.0,34.2,6.09,8.8,Maize
26.3,33.9,58.3,40.6,59.4,30.0,7.1,9.5,Maize
17.8,59.3,77.2,54.4,60.5,29.2,5.59,8.1,Wheat
39.6,32.0,27.6,16.1,18.5,49.8,7.43,10.4,Maize
36.0,33.8,84.1,10.3,83.8,17.3,6.53,10.6,Maize
18.1,84.4,29.7,63.6,100.3,15.6,6.96,4.5,Barley
38.0,38.4,86.3,61.3,36.9,50.8,6.01,6.8,Cotton
36.7,61.9,35.3,42.9,56.3,36.5,7.06,4.2,Cotton
28.0,54.7,22.9,49.2,102.3,20.9,7.28,6.3,Barley
29.8,50.8,28.2,43.2,106.5,25.6,6.59,7.8,Maize
25.0,84.0,10.2,11.9,36.7,57.0,6.92,10.4,Maize
16.4,31.3,89.1,36.8,70.6,53.7,6.55,9.9,Wheat
23.4,69.8,90.6,24.2,31.2,46.9,7.56,4.9,Sugarcane
35.1,87.8,66.6,17.9,21.2,36.7,6.65,4.7,Barley
15.1,63.6,27.7,86.5,110.2,38.4,7.44,8.1,Wheat
23.3,86.2,19.2,57.9,100.3,58.9,7.34,7.7,Maize
25.0,33.1,12.1,68.3,93.6,58.5,6.44,5.9,Sugarcane
28.4,55.1,28.2,35.2,15.4,24.7,6.03,10.3,Maize
38.0,45.6,108.0,41.5,102.8,51.5,6.43,10.5,Maize
23.7,73.8,36.6,29.0,58.2,23.9,7.4,6.8,Barley
23.7,88.9,49.0,17.8,47.7,24.6,6.02,10.2,Maize
33.4,45.4,21.6,24.3,70.1,45.4,6.71,6.7,Cotton
26.3,69.3,34.5,73.8,20.0,33.2,7.35,9.2,Maize
20.6,41.9,67.1,64.2,93.2,56.9,6.31,7.3,Wheat
26.3,63.9,76.9,53.8,74.1,19.0,6.98,4.9,Barley
18.5,57.8,37.0,48.0,30.5,38.0,6.06,10.5,Wheat
19.4,88.3,16.4,83.8,30.7,56.3,5.75,7.2,Sugarcane
27.5,66.5,53.0,15.8,30.3,55.7,7.33,9.1,Maize
25.5,51.0,35.8,32.4,16.3,22.0,5.73,6.6,Barley
37.9,36.8,34.2,38.0,74.7,31.5,6.12,4.1,Cotton
24.1,39.1,115.6,72.6,102.4,42.9,7.47,4.7,Wheat
29.5,43.5,77.8,89.4,11.9,22.2,6.3,7.5,Maize
30.8,45.1,71.3,29.3,15.4,58.6,7.74,8.8,Maize
15.3,81.0,55.7,79.9,73.0,56.2,7.75,6.3,Sugarcane
31.6,63.7,57.2,76.4,100.1,22.5,6.12,8.9,Maize
19.5,61.4,69.5,28.0,45.9,20.5,5.59,8.9,Wheat
39.0,36.9,86.6,41.9,48.5,18.8,7.12,8.9,Maize
18.7,81.6,87.2,42.8,75.6,55.9,6.54,7.4,Sugarcane
25.4,73.4,28.9,88.3,40.2,23.7,5.73,10.4,Maize
17.1,34.1,65.0,24.5,12.9,33.7,7.13,7.4,Wheat
39.9,72.5,55.3,73.9,90.9,35.2,5.57,7.2,Maize
27.6,62.6,105.8,36.7,78.8,42.0,7.5,5.4,Barley
29.9,34.9,79.5,68.5,73.9,18.2,5.82,6.2,Barley
16.7,57.5,68.6,43.6,91.6,25.2,5.79,4.3,Wheat
33.7,59.1,22.7,56.3,84.3,56.9,5.9,8.4,Maize
20.2,39.9,76.6,76.6,32.6,55.9,7.71,5.7,Wheat
37.5,86.7,22.9,74.3,48.8,50.2,7.09,6.1,Rice
20.1,81.0,47.1,79.3,23.9,15.9,7.34,9.4,Maize
19.8,70.1,25.7,14.8,24.3,29.7,6.41,6.3,Barley
15.9,57.7,86.1,65.4,84.4,43.3,6.27,5.7,Wheat
26.8,54.7,32.7,21.2,104.4,27.4,6.04,5.2,Barley
29.1,69.1,53.1,43.3,115.9,55.9,6.61,9.4,Maize
16.6,62.7,108.5,53.9,79.1,43.5,6.77,4.9,Wheat
34.4,33.7,32.5,42.2,30.3,18.2,6.95,7.2,Maize
26.3,60.8,65.9,51.6,21.6,55.9,6.09,7.5,Maize
28.1,78.4,56.1,89.7,99.4,58.1,7.68,8.8,Rice
26.0,57.6,12.0,20.8,73.7,18.5,5.89,8.4,Maize
25.0,33.1,97.2,64.0,78.0,39.0,7.72,9.7,Maize
29.0,77.2,17.6,41.7,96.0,28.7,5.53,4.3,Barley
18.9,42.1,62.2,20.6,87.4,32.7,6.61,6.1,Wheat
19.5,45.5,71.7,22.7,101.8,23.1,6.27,6.0,Wheat
36.5,39.9,79.1,85.9,16.2,41.0,6.53,5.0,Cotton
38.7,49.8,85.7,80.4,92.2,58.1,6.81,6.0,Cotton
24.3,75.4,37.9,82.6,103.6,37.6,6.5,6.2,Barley
21.8,61.2,11.1,89.3,41.5,18.7,6.45,7.7,Wheat
31.1,42.3,89.6,26.7,80.4,42.9,7.19,8.6,Maize
25.2,82.7,68.9,38.4,44.6,30.3,7.08,6.7,Barley
15.6,82.8,102.0,63.5,115.4,53.5,7.42,9.0,Sugarcane
18.9,82.2,100.4,48.7,13.7,34.6,6.07,6.4,Barley
32.9,44.3,102.8,43.5,73.8,23.7,6.9,6.0,Cotton
31.5,57.1,63.4,38.6,28.3,23.6,6.85,7.8,Maize
15.7,89.1,46.7,57.5,88.3,49.6,6.35,4.2,Sugarcane
20.5,76.3,97.1,56.0,29.3,27.0,6.62,4.6,Barley
20.8,31.6,59.6,22.9,35.9,49.5,6.22,6.9,Wheat
31.8,33.9,30.2,47.7,64.4,24.3,5.83,10.6,Maize
15.5,57.8,104.0,54.3,110.6,29.5,5.99,9.1,Wheat
17.6,84.6,107.1,55.6,33.3,35.9,5.74,4.6,Barley
35.0,62.3,61.3,26.8,25.9,57.4,7.07,9.9,Maize
19.5,59.9,18.3,69.4,93.5,56.9,7.02,9.1,Wheat
31.3,36.3,52.7,12.0,65.1,24.3,7.69,8.3,Maize
21.0,69.4,98.4,38.4,110.3,31.1,7.18,9.7,Maize
17.5,79.3,109.2,72.4,26.1,21.7,5.62,6.8,Barley
21.1,52.8,32.4,55.1,81.1,37.9,7.53,5.6,Wheat
33.1,76.5,17.4,30.9,35.6,35.7,7.48,7.6,Maize
36.4,87.9,106.5,65.6,27.2,55.5,6.52,7.8,Rice
35.8,42.2,52.8,55.4,85.2,56.9,6.85,7.8,Maize
24.9,61.4,69.6,73.7,75.3,32.3,7.74,8.0,Wheat
31.7,47.2,116.5,68.8,93.0,37.1,6.72,10.6,Maize
20.1,77.6,17.3,58.8,44.0,55.3,7.58,10.3,Maize
22.3,64.7,81.3,49.1,59.3,51.3,5.69,10.1,Wheat
37.4,68.1,18.2,20.7,54.6,15.2,5.94,9.6,Maize
15.3,77.9,51.3,30.9,118.2,29.4,6.51,10.6,Barley
17.1,53.8,98.4,43.5,42.1,34.0,6.84,4.7,Wheat
20.2,84.9,57.7,57.9,42.4,25.3,7.38,5.9,Barley
15.7,62.0,119.7,51.1,49.0,24.0,7.77,7.5,Wheat
19.5,39.5,71.5,33.1,72.1,16.7,6.39,9.9,Wheat
29.6,71.8,45.3,10.5,37.8,44.0,5.61,7.5,Rice
25.5,77.6,34.2,49.7,110.7,26.8,7.34,9.2,Maize
37.3,49.0,48.6,32.9,39.2,17.4,6.89,5.0,Cotton
35.4,81.4,51.0,68.8,108.5,25.4,5.96,5.8,Barley
23.5,84.4,17.6,11.9,21.4,51.1,6.64,9.1,Maize
21.5,46.6,50.7,56.8,82.2,53.3,7.21,5.2,Wheat
24.5,89.0,61.1,85.3,109.8,36.7,7.27,6.5,Barley
29.8,38.4,89.5,24.0,28.6,33.7,6.65,5.9,Barley
21.7,42.1,82.2,47.7,116.5,59.0,6.2,6.4,Wheat
30.6,41.1,88.0,17.3,59.8,24.0,7.74,9.0,Maize
25.2,83.6,10.9,60.1,114.0,24.7,7.03,6.6,Barley
28.8,69.3,33.9,54.0,84.5,28.1,6.44,7.9,Maize
25.9,39.1,82.8,42.6,43.2,22.8,6.15,4.7,Barley
22.4,56.4,63.2,51.7,30.7,32.1,7.18,9.6,Wheat
38.7,66.9,10.6,81.7,43.4,56.0,6.06,6.6,Cotton
34.1,35.0,98.5,25.7,20.2,42.7,5.89,8.5,Maize
18.5,82.9,95.0,11.8,25.8,33.5,6.72,9.1,Barley
36.7,78.2,70.3,78.9,21.5,57.0,6.17,5.5,Rice
27.2,60.3,17.3,56.2,56.5,17.2,6.95,10.2,Maize
37.4,88.0,94.3,81.3,97.5,24.5,5.77,8.3,Maize
35.0,55.1,74.2,57.8,25.6,40.5,7.01,7.0,Cotton
25.6,89.0,96.0,74.8,24.3,42.7,6.15,5.3,Rice
15.6,70.1,92.7,44.4,80.8,16.8,5.5,10.6,Barley
21.7,68.1,98.3,70.0,31.7,33.1,5.79,9.3,Maize
28.5,40.0,67.0,83.0,20.7,44.2,7.65,5.5,Barley
30.8,82.9,25.4,55.8,28.4,46.4,7.49,6.4,Rice
21.4,55.6,83.8,24.5,111.6,43.7,6.04,9.7,Wheat
18.5,39.7,78.3,31.5,100.4,29.4,7.29,8.9,Wheat
35.9,30.8,91.6,25.9,48.9,19.2,6.9,9.4,Maize
39.6,63.6,28.7,29.7,82.1,34.2,7.73,7.1,Maize
28.1,61.6,31.4,34.5,69.1,20.8,6.36,9.0,Maize
19.3,73.2,107.9,54.4,84.5,57.6,7.07,6.7,Sugarcane
21.8,83.4,92.5,57.0,85.1,36.4,5.65,5.5,Barley
15.5,34.8,109.9,44.1,79.2,29.3,6.41,8.4,Wheat
37.9,73.9,93.5,59.2,39.3,49.5,7.72,10.8,Rice
17.9,41.2,75.7,16.5,14.3,37.4,6.74,6.2,Wheat
29.4,81.5,82.0,17.0,60.1,29.0,6.16,7.2,Maize
21.9,79.1,107.8,23.7,108.0,51.5,5.78,8.7,Maize
28.9,62.4,73.7,51.4,72.6,54.0,7.12,7.8,Maize
31.3,72.6,79.6,27.1,101.6,45.3,6.98,9.9,Rice
35.7,48.9,27.2,32.7,119.1,17.1,6.36,9.3,Maize
20.2,58.3,62.1,42.0,28.0,40.5,7.69,4.4,Wheat
15.3,79.3,88.8,74.9,86.1,49.3,5.55,11.0,Sugarcane
18.4,57.6,39.8,11.1,84.2,21.1,6.2,9.3,Wheat
37.5,51.5,32.2,62.0,117.8,25.3,7.62,10.0,Maize
36.8,59.7,44.5,63.5,118.4,54.7,6.24,8.6,Maize
29.9,79.7,36.6,73.9,85.5,15.9,6.08,10.0,Maize
30.0,50.1,33.6,84.6,36.8,48.9,6.73,4.8,Sugarcane
31.6,40.4,56.7,11.6,97.8,36.3,7.39,6.4,Cotton
19.4,72.7,109.9,22.3,21.8,35.1,5.74,10.1,Barley
37.9,79.6,65.8,80.9,95.9,15.3,7.67,5.4,Barley
25.5,36.0,30.7,46.7,110.1,51.9,7.33,4.5,Sugarcane
24.6,44.4,18.5,55.2,52.1,31.2,5.92,9.5,Wheat
28.0,38.5,86.6,63.0,79.4,39.3,7.14,9.8,Maize
16.2,50.9,52.1,64.3,57.3,45.5,6.39,5.1,Wheat
19.2,57.0,100.4,84.5,58.2,46.6,6.43,10.0,Wheat
33.5,74.9,82.5,89.8,44.1,58.0,7.3,8.8,Rice
17.1,69.1,97.6,67.6,93.8,38.9,7.71,7.6,Barley
30.1,67.3,39.9,33.0,113.0,33.0,5.79,9.8,Maize
21.1,51.1,86.2,80.4,113.5,57.9,6.47,6.9,Wheat
24.7,80.5,39.0,13.9,29.2,43.9,6.61,5.4,Barley
22.2,58.3,113.3,28.5,106.2,28.4,6.37,6.0,Wheat
23.9,88.7,80.0,81.8,91.1,20.7,6.34,7.5,Maize
33.0,68.0,45.7,30.5,37.8,52.9,5.62,7.7,Maize
22.4,37.6,39.6,27.7,17.4,31.3,7.08,9.6,Wheat
29.2,70.6,31.0,21.1,39.5,44.7,6.5,9.5,Rice
26.9,49.5,86.4,78.7,110.3,36.2,5.95,8.1,Maize
31.6,71.2,34.1,50.0,79.6,24.0,7.38,9.5,Maize
38.4,34.2,75.5,64.0,89.3,42.1,7.35,5.3,Cotton
33.3,40.5,39.1,29.1,38.3,17.7,6.62,4.4,Cotton
20.4,81.3,82.8,70.6,89.1,33.6,6.19,10.1,Maize
15.8,43.6,99.6,70.8,13.1,39.6,6.97,4.5,Wheat
21.6,80.2,95.6,35.0,51.3,34.6,6.16,5.7,Barley
29.9,46.8,93.7,42.9,78.9,48.7,6.04,8.9,Maize
16.3,68.6,30.6,26.8,26.1,52.3,7.18,6.9,Sugarcane
27.4,71.6,19.7,88.1,100.5,49.7,5.59,10.1,Rice
29.9,60.8,86.9,61.6,35.9,16.7,5.72,6.1,Barley
23.4,48.3,50.5,84.8,81.8,23.7,5.52,4.1,Wheat
34.3,42.8,57.6,34.3,54.6,39.1,5.85,6.1,Cotton
17.7,32.0,13.4,72.6,75.6,57.1,5.66,8.0,Wheat
16.9,48.2,38.6,71.3,21.8,52.6,7.79,6.6,Wheat
33.2,69.2,13.7,65.3,11.9,52.9,6.16,7.7,Maize
27.4,86.3,106.7,87.3,110.1,28.6,5.84,10.1,Maize
32.2,82.3,36.8,41.5,39.7,34.3,6.05,10.4,Maize
25.9,76.0,71.3,20.5,100.2,36.2,7.65,5.9,Barley
21.2,77.3,14.3,63.7,119.9,22.1,6.7,7.2,Maize
35.5,69.9,83.4,68.3,33.3,16.4,6.34,7.8,Maize
35.0,45.6,45.5,56.0,39.2,57.6,7.51,10.6,Maize
32.4,84.4,108.8,26.5,82.9,25.8,6.41,11.0,Maize
21.8,70.2,107.7,50.4,116.2,25.8,6.27,5.6,Barley
29.8,63.6,45.8,35.0,110.7,18.8,5.98,9.1,Maize
24.0,36.7,109.1,44.2,65.3,56.8,6.37,6.6,Wheat
17.3,56.8,119.6,61.6,97.5,41.1,6.23,4.1,Wheat
37.9,57.6,100.8,69.6,24.9,45.0,7.06,4.1,Cotton
18.4,81.9,102.9,28.6,117.5,56.0,6.17,7.2,Sugarcane
38.8,62.8,37.4,42.4,116.1,30.6,6.83,7.4,Maize
26.2,52.8,73.4,31.5,28.0,43.0,5.65,4.2,Barley
19.6,88.6,17.4,25.9,42.9,16.7,5.94,8.8,Barley
28.5,36.6,20.4,72.7,21.0,23.4,6.44,6.1,Barley
36.8,55.4,119.9,82.7,39.9,52.4,7.65,7.9,Maize
33.3,32.5,45.9,39.6,99.8,49.5,6.37,6.1,Cotton
35.2,74.4,92.3,70.1,51.6,30.8,7.03,5.2,Barley
31.5,85.1,98.7,81.8,19.7,32.0,6.09,6.9,Barley
32.3,46.8,104.4,77.7,47.6,39.0,5.79,5.6,Cotton
36.2,81.5,119.7,24.6,118.0,15.0,5.63,7.7,Maize
21.2,47.5,36.6,86.5,79.3,25.9,6.2,5.4,Wheat
27.2,84.6,14.4,40.1,55.8,24.4,5.86,7.6,Maize
20.5,75.2,55.2,37.1,28.3,26.3,5.9,5.1,Barley
39.7,78.3,24.3,15.0,118.5,51.3,7.25,8.7,Rice
38.6,31.1,12.5,48.9,100.3,27.6,5.54,9.3,Maize
16.0,87.8,49.6,18.7,41.0,23.6,6.78,4.8,Barley
32.6,73.6,96.2,29.9,17.7,37.7,6.37,7.3,Maize
38.1,48.3,72.3,35.4,16.2,54.0,6.67,4.5,Cotton
19.5,79.8,44.4,74.7,23.2,25.9,6.79,8.2,Barley
29.2,46.9,82.0,80.0,73.9,18.5,6.22,5.9,Barley
37.9,82.4,35.5,34.2,112.2,31.0,6.18,7.7,Maize
15.8,36.8,11.6,78.7,64.6,48.6,7.19,7.6,Wheat
32.4,72.2,94.1,78.6,102.7,39.8,7.5,10.5,Maize
22.4,62.4,78.6,71.2,59.0,51.8,5.94,7.8,Wheat
38.1,35.8,93.9,21.7,87.9,58.2,5.72,8.1,Maize
39.3,44.5,14.3,65.2,90.5,50.7,7.56,6.8,Cotton
38.6,30.7,102.1,85.6,29.1,42.2,6.3,10.6,Maize
26.9,58.1,78.1,64.6,49.7,37.2,6.77,9.4,Maize
36.6,48.1,72.0,36.5,80.1,16.8,6.33,6.0,Cotton
36.1,65.9,78.7,50.0,17.8,59.3,5.79,9.9,Maize
23.0,47.8,105.1,61.7,49.8,32.3,6.86,7.0,Wheat
35.7,48.0,74.6,50.8,68.8,21.9,6.71,9.8,Maize
15.9,74.6,73.9,19.6,119.6,45.0,5.97,9.8,Barley
29.9,32.9,119.0,35.0,62.2,27.8,6.54,5.3,Barley
20.8,84.2,93.2,74.2,99.8,41.4,7.33,8.9,Maize
18.0,81.1,58.7,78.9,57.5,41.4,6.86,6.0,Barley
16.9,70.1,87.8,21.0,97.6,35.1,5.72,6.1,Barley
32.4,65.6,52.8,86.2,75.5,52.6,6.76,6.1,Cotton
23.5,83.5,35.2,36.3,107.5,26.9,7.12,9.1,Maize
33.1,41.1,75.7,63.0,55.2,35.2,7.32,5.6,Cotton
16.6,34.7,112.1,70.1,76.5,39.2,6.95,4.0,Wheat
22.9,44.4,112.2,75.0,79.3,44.9,5.85,9.0,Wheat
28.5,77.7,47.6,85.7,55.9,50.3,7.13,5.2,Rice
34.8,32.1,68.0,35.0,25.9,32.8,7.06,4.7,Cotton
23.0,65.0,33.3,78.7,20.3,44.1,5.56,5.7,Barley
30.6,89.7,119.5,20.5,11.8,21.8,6.45,6.7,Barley
37.1,81.3,117.9,66.4,106.1,57.0,6.27,7.3,Rice
30.4,61.3,81.4,69.4,36.0,32.2,7.04,4.3,Cotton
20.8,33.8,98.5,64.2,33.3,47.8,6.0,10.8,Wheat
15.6,79.9,88.7,30.2,91.0,15.9,6.86,9.0,Barley
36.8,65.9,75.2,79.8,45.2,24.2,7.6,6.3,Cotton
15.5,36.9,15.9,23.5,65.7,36.9,7.33,6.2,Wheat
36.9,35.6,60.0,14.3,27.9,54.5,7.62,7.1,Maize
28.2,84.6,84.2,67.4,115.6,38.7,7.75,8.4,Maize
38.5,70.2,84.5,48.0,103.7,56.8,5.52,5.0,Rice
35.0,79.8,51.0,77.9,105.0,36.8,6.93,5.3,Barley
39.9,82.7,113.6,40.7,54.7,37.1,6.45,10.0,Maize
23.8,64.3,28.4,23.5,93.9,20.4,7.48,5.8,Wheat
34.2,61.0,65.0,76.9,25.8,51.1,6.08,6.7,Cotton
25.0,55.8,86.0,53.9,10.9,26.1,7.76,10.1,Maize
27.0,49.0,86.7,25.1,12.2,55.5,6.91,8.6,Maize
30.7,56.1,81.4,67.6,74.5,56.0,7.33,6.4,Cotton
36.8,76.4,40.3,50.9,60.1,57.4,5.7,8.8,Rice
39.6,66.1,27.2,58.3,67.0,38.4,5.92,4.1,Cotton
34.2,83.6,80.0,46.9,10.8,45.5,7.24,9.1,Rice
25.4,56.6,75.9,76.3,56.5,50.0,5.55,7.4,Maize
25.5,66.4,29.7,76.4,89.0,20.9,7.38,9.7,Maize
33.4,67.9,87.6,66.8,58.7,42.0,5.53,10.7,Maize
21.0,65.5,60.1,18.4,90.5,16.5,7.01,10.5,Maize
17.8,72.2,83.5,77.1,35.6,37.4,6.34,10.4,Barley
23.9,44.2,102.1,63.7,99.4,22.0,6.91,7.6,Wheat
22.2,60.7,28.7,65.8,74.7,23.2,7.1,6.5,Wheat
22.4,36.3,12.1,39.0,33.2,31.4,6.29,7.3,Wheat
20.8,53.1,95.7,80.3,36.0,34.5,5.75,8.8,Wheat
16.1,59.3,77.1,68.0,79.1,43.0,5.66,10.2,Wheat
15.4,69.1,87.0,19.0,101.3,18.3,6.85,5.4,Barley
39.7,87.0,102.2,42.6,55.7,37.7,6.7,10.4,Maize
25.7,66.0,98.3,80.9,38.4,23.2,7.21,9.7,Maize
24.6,74.6,115.7,13.8,105.4,40.8,6.67,10.9,Maize
32.0,60.4,69.0,86.9,83.6,43.7,6.47,10.2,Maize
20.5,68.0,63.7,64.3,59.3,40.1,6.42,6.0,Barley
38.7,34.3,54.2,60.5,63.7,48.2,5.56,4.7,Cotton
34.7,45.3,26.9,31.6,32.5,30.1,6.27,4.8,Cotton
17.2,51.7,73.0,29.9,78.9,49.4,7.74,6.0,Wheat
25.4,58.3,40.5,85.4,49.5,34.5,7.51,8.3,Maize
37.0,32.7,111.3,33.9,119.5,36.8,6.26,9.6,Maize
38.6,38.4,74.2,72.0,62.8,44.2,6.85,10.3,Maize
26.7,46.6,75.2,41.4,63.4,15.8,7.45,8.4,Maize
30.3,88.3,49.0,21.1,72.2,44.4,6.51,4.0,Rice
19.2,49.9,15.7,10.9,110.8,42.8,5.54,5.3,Wheat
39.8,58.9,13.5,53.5,98.1,28.9,5.67,4.7,Cotton
20.8,41.8,56.6,88.1,59.6,18.9,6.67,6.5,Wheat
38.6,66.6,19.3,39.5,89.1,19.1,7.73,7.5,Maize
31.2,46.8,76.8,38.6,74.5,56.5,7.09,4.3,Cotton
30.2,42.4,106.9,37.5,64.2,46.0,5.66,6.4,Cotton
27.8,61.0,107.1,51.6,31.2,20.7,5.94,5.3,Barley
20.8,30.3,82.5,45.3,61.0,31.1,7.27,8.5,Wheat
19.4,30.5,33.2,80.4,37.0,41.7,7.44,7.2,Wheat
20.5,43.1,104.9,50.4,110.6,52.6,6.92,7.5,Wheat
19.7,32.2,107.5,50.6,46.9,17.0,6.98,7.0,Wheat
34.5,36.5,31.6,21.1,114.7,25.6,5.57,10.7,Maize
23.8,50.3,91.1,88.6,68.6,55.0,7.41,5.5,Wheat
16.4,78.2,41.5,30.0,79.5,15.4,7.31,7.6,Barley
39.2,64.3,98.3,15.9,69.7,24.1,6.1,9.2,Maize
37.1,60.8,119.7,63.1,24.2,58.2,7.13,7.9,Maize
38.2,47.6,13.3,57.6,51.3,42.6,5.99,10.5,Maize
39.9,85.9,108.7,43.2,20.9,26.8,5.59,6.6,Barley
19.3,53.8,78.5,43.8,78.5,18.0,5.96,7.2,Wheat
24.9,35.2,117.1,72.8,59.2,16.3,5.91,4.6,Wheat
34.0,67.0,61.2,25.7,95.6,26.0,6.28,8.3,Maize
32.4,36.8,103.2,75.6,34.3,54.7,6.46,6.0,Cotton
18.8,50.7,16.9,61.9,28.1,33.7,6.67,5.1,Wheat
35.4,60.4,46.9,43.5,54.7,47.4,6.6,7.8,Maize
20.6,82.5,17.4,46.6,111.9,56.3,6.12,7.7,Maize
20.6,59.6,117.3,30.5,88.1,33.4,5.57,4.5,Wheat
28.4,72.1,99.9,70.2,56.1,23.6,6.89,8.9,Maize
29.8,89.6,103.8,51.0,66.9,38.3,6.41,8.4,Maize
29.5,37.9,113.2,35.7,19.3,55.9,6.19,5.3,Sugarcane
17.3,46.5,19.4,57.7,118.3,51.2,7.49,7.3,Wheat
36.9,53.7,52.4,89.7,83.3,18.0,7.22,9.0,Maize
21.6,55.3,17.8,44.8,41.4,46.2,7.47,7.7,Wheat
18.2,54.7,33.2,83.7,74.4,40.7,6.64,6.8,Wheat
37.2,84.5,35.2,37.6,22.0,55.8,5.8,6.3,Rice
38.9,72.8,61.6,14.4,116.2,20.5,7.1,8.3,Maize
36.6,66.5,39.5,26.3,29.2,39.0,5.97,10.6,Maize
35.2,48.6,21.1,43.5,81.3,54.6,6.51,8.7,Maize
31.4,79.4,28.4,27.6,37.0,33.5,5.65,4.5,Barley
28.8,87.3,26.2,10.0,88.9,36.7,7.4,7.2,Maize
17.2,79.3,117.0,83.2,95.5,18.2,5.79,10.2,Barley
25.2,30.1,93.5,77.5,84.1,27.5,7.58,4.7,Barley
24.3,68.2,116.5,69.4,77.6,29.6,7.49,10.9,Maize
21.5,33.1,58.4,23.4,108.2,57.5,6.57,10.6,Wheat
33.1,45.5,40.6,19.6,18.6,27.7,7.21,4.5,Cotton
27.4,33.6,97.8,15.4,46.4,35.7,6.92,10.5,Maize
17.0,66.2,45.9,67.9,37.3,45.2,7.35,6.5,Sugarcane
20.5,71.2,42.9,84.3,118.7,22.3,6.49,9.9,Maize
32.1,36.9,35.6,44.4,52.8,36.9,7.31,6.9,Cotton
16.9,53.0,24.3,19.5,90.6,48.2,6.56,7.1,Wheat
36.3,57.4,38.2,51.0,85.3,54.0,7.66,8.4,Maize
27.4,52.1,49.1,37.9,33.3,43.2,6.62,9.4,Maize
27.0,37.3,84.1,40.0,36.3,45.1,6.56,4.2,Sugarcane
29.8,55.1,16.9,59.7,40.9,20.7,7.31,8.2,Maize
35.6,75.1,33.2,67.5,55.2,57.6,7.39,5.3,Rice
23.7,34.3,99.0,18.8,35.8,21.0,6.78,6.4,Wheat
32.0,34.8,26.2,12.8,12.2,49.9,5.91,6.4,Cotton
29.1,51.3,47.7,89.5,106.7,26.9,6.58,7.3,Maize
21.7,86.5,105.1,28.6,116.2,57.0,7.73,6.3,Sugarcane
37.0,70.1,27.0,14.3,47.6,47.4,7.23,4.8,Rice
34.9,70.7,19.1,25.2,47.2,48.9,7.37,5.0,Rice
31.5,51.7,63.3,13.1,10.8,24.9,5.58,4.2,Cotton
36.3,65.6,43.3,41.3,84.8,34.9,6.58,7.3,Maize
36.7,30.6,72.0,74.2,100.8,42.8,6.99,10.7,Maize
32.7,68.2,98.4,37.3,26.1,49.6,7.41,4.8,Cotton
35.9,84.8,25.1,45.5,27.6,19.7,5.61,10.6,Maize
32.4,66.8,73.9,64.0,96.9,58.3,7.46,9.1,Maize
32.0,82.4,65.6,50.7,77.8,55.1,6.76,8.5,Rice
30.5,73.4,25.8,78.9,14.9,27.2,5.95,8.5,Maize
33.8,37.2,78.6,79.3,78.5,52.0,6.23,9.8,Maize
19.0,84.1,40.1,10.8,44.0,38.3,6.15,4.7,Barley
37.0,34.0,63.7,72.2,50.6,35.8,6.72,7.5,Maize
36.8,62.0,19.0,46.9,94.7,29.1,5.62,8.9,Maize
15.7,38.5,60.6,89.1,99.2,41.1,5.86,8.1,Wheat
35.6,30.7,43.7,48.7,54.0,47.8,7.37,9.8,Maize
18.2,55.3,100.5,89.0,114.2,33.5,5.8,4.5,Wheat
23.4,47.7,16.3,70.4,54.7,43.3,6.04,8.8,Wheat
33.6,59.2,56.0,29.9,94.9,46.5,6.54,7.7,Maize
19.0,64.6,60.4,53.1,63.2,47.0,6.69,6.7,Wheat
35.4,32.6,89.8,89.4,108.7,17.3,7.26,6.4,Cotton
35.8,37.4,73.2,78.6,109.9,53.7,6.53,8.3,Maize
27.7,63.5,83.4,17.8,19.6,35.6,7.32,10.2,Maize
15.2,50.6,95.5,66.5,113.0,26.8,6.92,7.5,Wheat
22.2,73.8,104.8,37.6,100.8,25.9,5.76,9.8,Maize
30.4,69.1,44.5,10.6,97.0,36.7,5.86,6.8,Cotton
39.5,80.7,69.2,42.3,32.1,54.9,6.51,4.7,Rice
30.8,71.5,102.4,28.8,98.6,32.0,6.41,4.4,Barley
21.5,55.8,118.8,75.5,103.5,48.7,7.21,4.4,Wheat
30.9,70.4,107.8,37.0,41.8,19.4,6.84,6.7,Barley
28.5,46.5,50.9,76.2,114.7,36.4,6.39,6.4,Barley
34.5,48.4,31.5,10.0,15.5,59.6,5.89,9.0,Maize
17.7,77.3,63.8,34.6,26.5,49.7,6.02,9.2,Sugarcane
34.0,56.8,91.6,29.3,69.1,24.5,6.82,4.4,Cotton
28.5,77.9,64.2,28.7,73.3,37.6,6.47,5.5,Barley
39.1,79.3,63.1,15.5,81.0,25.5,6.68,5.9,Barley
23.5,81.5,102.2,25.0,11.9,33.4,5.89,7.8,Maize
30.8,85.0,49.8,54.4,115.6,50.1,7.02,5.0,Rice
38.3,55.9,104.6,33.3,14.9,49.7,7.46,4.9,Cotton
17.6,49.1,54.7,43.4,25.7,25.3,6.09,10.6,Wheat
38.4,64.9,46.1,40.1,11.5,56.5,6.63,9.6,Maize
32.2,52.3,59.9,80.1,72.4,41.7,7.74,5.3,Cotton
16.7,66.1,93.9,82.4,112.5,32.1,6.27,6.8,Barley
22.5,72.3,23.9,49.4,83.3,37.6,6.87,6.5,Barley
32.7,71.3,31.6,36.4,100.5,42.2,5.71,9.5,Rice
16.7,52.5,114.7,18.5,11.5,40.2,6.89,7.6,Wheat
29.6,40.0,29.3,86.3,69.6,36.9,5.71,4.9,Barley
23.6,55.8,72.5,14.8,60.6,37.7,7.71,9.2,Wheat
30.5,38.6,73.7,33.8,64.9,22.9,7.15,6.8,Cotton
16.1,83.4,63.9,33.8,17.9,51.6,7.31,5.8,Sugarcane
36.8,50.8,80.9,35.6,85.3,39.4,7.12,6.6,Cotton
39.3,39.3,35.3,23.1,65.4,20.9,6.86,7.5,Maize
39.2,31.5,70.8,72.7,94.2,49.5,6.53,6.4,Cotton
33.7,68.7,50.9,19.8,63.4,57.0,7.47,5.7,Cotton
18.3,68.2,82.8,60.8,26.4,57.6,7.7,6.8,Sugarcane
